returncode	checker	bc_file	stdout_file	stderr_file	elapsed_seconds
0	leak	workspace/tmux-bc/objects/alerts.bc	-	-	0.114
0	dfree	workspace/tmux-bc/objects/alerts.bc	-	-	0.032
0	fileck	workspace/tmux-bc/objects/alerts.bc	-	-	0.032
0	null-deref	workspace/tmux-bc/objects/alerts.bc	-	-	0.032
0	leak	workspace/tmux-bc/objects/arguments.bc	-	outputs/saber/tmux/workspace__tmux-bc__objects__arguments.leak.stderr.txt	8.233
0	dfree	workspace/tmux-bc/objects/arguments.bc	-	outputs/saber/tmux/workspace__tmux-bc__objects__arguments.dfree.stderr.txt	8.435
0	fileck	workspace/tmux-bc/objects/arguments.bc	-	-	0.115
0	null-deref	workspace/tmux-bc/objects/arguments.bc	-	outputs/saber/tmux/workspace__tmux-bc__objects__arguments.null-deref.stderr.txt	8.337
0	leak	workspace/tmux-bc/objects/attributes.bc	-	-	0.032
0	dfree	workspace/tmux-bc/objects/attributes.bc	-	-	0.016
0	fileck	workspace/tmux-bc/objects/attributes.bc	-	-	0.016
0	null-deref	workspace/tmux-bc/objects/attributes.bc	-	-	0.016
0	leak	workspace/tmux-bc/objects/cfg.bc	-	outputs/saber/tmux/workspace__tmux-bc__objects__cfg.leak.stderr.txt	0.032
0	dfree	workspace/tmux-bc/objects/cfg.bc	-	-	0.032
0	fileck	workspace/tmux-bc/objects/cfg.bc	-	outputs/saber/tmux/workspace__tmux-bc__objects__cfg.fileck.stderr.txt	0.032
0	null-deref	workspace/tmux-bc/objects/cfg.bc	-	outputs/saber/tmux/workspace__tmux-bc__objects__cfg.null-deref.stderr.txt	0.032
0	leak	workspace/tmux-bc/objects/client.bc	-	outputs/saber/tmux/workspace__tmux-bc__objects__client.leak.stderr.txt	0.064
0	dfree	workspace/tmux-bc/objects/client.bc	-	-	0.064
0	fileck	workspace/tmux-bc/objects/client.bc	-	-	0.064
0	null-deref	workspace/tmux-bc/objects/client.bc	-	outputs/saber/tmux/workspace__tmux-bc__objects__client.null-deref.stderr.txt	0.064
0	leak	workspace/tmux-bc/objects/cmd-attach-session.bc	-	-	0.032
0	dfree	workspace/tmux-bc/objects/cmd-attach-session.bc	-	-	0.032
0	fileck	workspace/tmux-bc/objects/cmd-attach-session.bc	-	-	0.032
0	null-deref	workspace/tmux-bc/objects/cmd-attach-session.bc	-	-	0.032
0	leak	workspace/tmux-bc/objects/cmd-bind-key.bc	-	-	0.016
0	dfree	workspace/tmux-bc/objects/cmd-bind-key.bc	-	-	0.016
0	fileck	workspace/tmux-bc/objects/cmd-bind-key.bc	-	-	0.016
0	null-deref	workspace/tmux-bc/objects/cmd-bind-key.bc	-	-	0.032
0	leak	workspace/tmux-bc/objects/cmd-break-pane.bc	-	outputs/saber/tmux/workspace__tmux-bc__objects__cmd-break-pane.leak.stderr.txt	0.032
0	dfree	workspace/tmux-bc/objects/cmd-break-pane.bc	-	-	0.032
0	fileck	workspace/tmux-bc/objects/cmd-break-pane.bc	-	-	0.032
0	null-deref	workspace/tmux-bc/objects/cmd-break-pane.bc	-	outputs/saber/tmux/workspace__tmux-bc__objects__cmd-break-pane.null-deref.stderr.txt	0.032
0	leak	workspace/tmux-bc/objects/cmd-capture-pane.bc	-	outputs/saber/tmux/workspace__tmux-bc__objects__cmd-capture-pane.leak.stderr.txt	0.064
0	dfree	workspace/tmux-bc/objects/cmd-capture-pane.bc	-	-	0.064
0	fileck	workspace/tmux-bc/objects/cmd-capture-pane.bc	-	-	0.032
0	null-deref	workspace/tmux-bc/objects/cmd-capture-pane.bc	-	outputs/saber/tmux/workspace__tmux-bc__objects__cmd-capture-pane.null-deref.stderr.txt	0.064
0	leak	workspace/tmux-bc/objects/cmd-choose-tree.bc	-	-	0.016
0	dfree	workspace/tmux-bc/objects/cmd-choose-tree.bc	-	-	0.016
0	fileck	workspace/tmux-bc/objects/cmd-choose-tree.bc	-	-	0.016
0	null-deref	workspace/tmux-bc/objects/cmd-choose-tree.bc	-	-	0.016
0	leak	workspace/tmux-bc/objects/cmd-command-prompt.bc	-	outputs/saber/tmux/workspace__tmux-bc__objects__cmd-command-prompt.leak.stderr.txt	0.114
0	dfree	workspace/tmux-bc/objects/cmd-command-prompt.bc	-	outputs/saber/tmux/workspace__tmux-bc__objects__cmd-command-prompt.dfree.stderr.txt	0.115
0	fileck	workspace/tmux-bc/objects/cmd-command-prompt.bc	-	-	0.032
0	null-deref	workspace/tmux-bc/objects/cmd-command-prompt.bc	-	outputs/saber/tmux/workspace__tmux-bc__objects__cmd-command-prompt.null-deref.stderr.txt	0.114
0	leak	workspace/tmux-bc/objects/cmd-confirm-before.bc	-	outputs/saber/tmux/workspace__tmux-bc__objects__cmd-confirm-before.leak.stderr.txt	0.032
0	dfree	workspace/tmux-bc/objects/cmd-confirm-before.bc	-	-	0.032
0	fileck	workspace/tmux-bc/objects/cmd-confirm-before.bc	-	-	0.032
0	null-deref	workspace/tmux-bc/objects/cmd-confirm-before.bc	-	outputs/saber/tmux/workspace__tmux-bc__objects__cmd-confirm-before.null-deref.stderr.txt	0.032
0	leak	workspace/tmux-bc/objects/cmd-copy-mode.bc	-	-	0.016
0	dfree	workspace/tmux-bc/objects/cmd-copy-mode.bc	-	-	0.016
0	fileck	workspace/tmux-bc/objects/cmd-copy-mode.bc	-	-	0.016
0	null-deref	workspace/tmux-bc/objects/cmd-copy-mode.bc	-	-	0.016
0	leak	workspace/tmux-bc/objects/cmd-detach-client.bc	-	-	0.016
0	dfree	workspace/tmux-bc/objects/cmd-detach-client.bc	-	-	0.016
0	fileck	workspace/tmux-bc/objects/cmd-detach-client.bc	-	-	0.016
0	null-deref	workspace/tmux-bc/objects/cmd-detach-client.bc	-	-	0.016
0	leak	workspace/tmux-bc/objects/cmd-display-menu.bc	-	-	0.115
0	dfree	workspace/tmux-bc/objects/cmd-display-menu.bc	-	outputs/saber/tmux/workspace__tmux-bc__objects__cmd-display-menu.dfree.stderr.txt	0.116
0	fileck	workspace/tmux-bc/objects/cmd-display-menu.bc	-	-	0.064
0	null-deref	workspace/tmux-bc/objects/cmd-display-menu.bc	-	-	0.114
0	leak	workspace/tmux-bc/objects/cmd-display-message.bc	-	-	0.032
0	dfree	workspace/tmux-bc/objects/cmd-display-message.bc	-	outputs/saber/tmux/workspace__tmux-bc__objects__cmd-display-message.dfree.stderr.txt	0.032
0	fileck	workspace/tmux-bc/objects/cmd-display-message.bc	-	-	0.032
0	null-deref	workspace/tmux-bc/objects/cmd-display-message.bc	-	-	0.032
0	leak	workspace/tmux-bc/objects/cmd-display-panes.bc	-	outputs/saber/tmux/workspace__tmux-bc__objects__cmd-display-panes.leak.stderr.txt	0.032
0	dfree	workspace/tmux-bc/objects/cmd-display-panes.bc	-	-	0.032
0	fileck	workspace/tmux-bc/objects/cmd-display-panes.bc	-	-	0.033
0	null-deref	workspace/tmux-bc/objects/cmd-display-panes.bc	-	outputs/saber/tmux/workspace__tmux-bc__objects__cmd-display-panes.null-deref.stderr.txt	0.032
0	leak	workspace/tmux-bc/objects/cmd-find-window.bc	-	outputs/saber/tmux/workspace__tmux-bc__objects__cmd-find-window.leak.stderr.txt	0.032
0	dfree	workspace/tmux-bc/objects/cmd-find-window.bc	-	-	0.032
0	fileck	workspace/tmux-bc/objects/cmd-find-window.bc	-	-	0.032
0	null-deref	workspace/tmux-bc/objects/cmd-find-window.bc	-	outputs/saber/tmux/workspace__tmux-bc__objects__cmd-find-window.null-deref.stderr.txt	0.020
0	leak	workspace/tmux-bc/objects/cmd-find.bc	-	-	0.114
0	dfree	workspace/tmux-bc/objects/cmd-find.bc	-	-	0.115
0	fileck	workspace/tmux-bc/objects/cmd-find.bc	-	-	0.114
0	null-deref	workspace/tmux-bc/objects/cmd-find.bc	-	-	0.115
0	leak	workspace/tmux-bc/objects/cmd-if-shell.bc	-	outputs/saber/tmux/workspace__tmux-bc__objects__cmd-if-shell.leak.stderr.txt	0.034
0	dfree	workspace/tmux-bc/objects/cmd-if-shell.bc	-	outputs/saber/tmux/workspace__tmux-bc__objects__cmd-if-shell.dfree.stderr.txt	0.032
0	fileck	workspace/tmux-bc/objects/cmd-if-shell.bc	-	-	0.032
0	null-deref	workspace/tmux-bc/objects/cmd-if-shell.bc	-	outputs/saber/tmux/workspace__tmux-bc__objects__cmd-if-shell.null-deref.stderr.txt	0.032
0	leak	workspace/tmux-bc/objects/cmd-join-pane.bc	-	-	0.032
0	dfree	workspace/tmux-bc/objects/cmd-join-pane.bc	-	-	0.032
0	fileck	workspace/tmux-bc/objects/cmd-join-pane.bc	-	-	0.032
0	null-deref	workspace/tmux-bc/objects/cmd-join-pane.bc	-	-	0.032
0	leak	workspace/tmux-bc/objects/cmd-kill-pane.bc	-	-	0.016
0	dfree	workspace/tmux-bc/objects/cmd-kill-pane.bc	-	-	0.016
0	fileck	workspace/tmux-bc/objects/cmd-kill-pane.bc	-	-	0.016
0	null-deref	workspace/tmux-bc/objects/cmd-kill-pane.bc	-	-	0.016
0	leak	workspace/tmux-bc/objects/cmd-kill-server.bc	-	-	0.016
0	dfree	workspace/tmux-bc/objects/cmd-kill-server.bc	-	-	0.016
0	fileck	workspace/tmux-bc/objects/cmd-kill-server.bc	-	-	0.016
0	null-deref	workspace/tmux-bc/objects/cmd-kill-server.bc	-	-	0.016
0	leak	workspace/tmux-bc/objects/cmd-kill-session.bc	-	-	0.016
0	dfree	workspace/tmux-bc/objects/cmd-kill-session.bc	-	-	0.016
0	fileck	workspace/tmux-bc/objects/cmd-kill-session.bc	-	-	0.016
0	null-deref	workspace/tmux-bc/objects/cmd-kill-session.bc	-	-	0.016
0	leak	workspace/tmux-bc/objects/cmd-kill-window.bc	-	-	0.016
0	dfree	workspace/tmux-bc/objects/cmd-kill-window.bc	-	-	0.016
0	fileck	workspace/tmux-bc/objects/cmd-kill-window.bc	-	-	0.016
0	null-deref	workspace/tmux-bc/objects/cmd-kill-window.bc	-	-	0.016
0	leak	workspace/tmux-bc/objects/cmd-list-buffers.bc	-	-	0.032
0	dfree	workspace/tmux-bc/objects/cmd-list-buffers.bc	-	-	0.032
0	fileck	workspace/tmux-bc/objects/cmd-list-buffers.bc	-	-	0.016
0	null-deref	workspace/tmux-bc/objects/cmd-list-buffers.bc	-	-	0.032
0	leak	workspace/tmux-bc/objects/cmd-list-clients.bc	-	-	0.032
0	dfree	workspace/tmux-bc/objects/cmd-list-clients.bc	-	-	0.032
0	fileck	workspace/tmux-bc/objects/cmd-list-clients.bc	-	-	0.016
0	null-deref	workspace/tmux-bc/objects/cmd-list-clients.bc	-	-	0.032
0	leak	workspace/tmux-bc/objects/cmd-list-commands.bc	-	outputs/saber/tmux/workspace__tmux-bc__objects__cmd-list-commands.leak.stderr.txt	0.032
0	dfree	workspace/tmux-bc/objects/cmd-list-commands.bc	-	-	0.032
0	fileck	workspace/tmux-bc/objects/cmd-list-commands.bc	-	-	0.016
0	null-deref	workspace/tmux-bc/objects/cmd-list-commands.bc	-	outputs/saber/tmux/workspace__tmux-bc__objects__cmd-list-commands.null-deref.stderr.txt	0.032
0	leak	workspace/tmux-bc/objects/cmd-list-keys.bc	-	outputs/saber/tmux/workspace__tmux-bc__objects__cmd-list-keys.leak.stderr.txt	0.032
0	dfree	workspace/tmux-bc/objects/cmd-list-keys.bc	-	-	0.032
0	fileck	workspace/tmux-bc/objects/cmd-list-keys.bc	-	-	0.032
0	null-deref	workspace/tmux-bc/objects/cmd-list-keys.bc	-	outputs/saber/tmux/workspace__tmux-bc__objects__cmd-list-keys.null-deref.stderr.txt	0.032
0	leak	workspace/tmux-bc/objects/cmd-list-panes.bc	-	-	0.032
0	dfree	workspace/tmux-bc/objects/cmd-list-panes.bc	-	-	0.032
0	fileck	workspace/tmux-bc/objects/cmd-list-panes.bc	-	-	0.032
0	null-deref	workspace/tmux-bc/objects/cmd-list-panes.bc	-	-	0.032
0	leak	workspace/tmux-bc/objects/cmd-list-sessions.bc	-	-	0.032
0	dfree	workspace/tmux-bc/objects/cmd-list-sessions.bc	-	-	0.032
0	fileck	workspace/tmux-bc/objects/cmd-list-sessions.bc	-	-	0.016
0	null-deref	workspace/tmux-bc/objects/cmd-list-sessions.bc	-	-	0.032
0	leak	workspace/tmux-bc/objects/cmd-list-windows.bc	-	-	0.033
0	dfree	workspace/tmux-bc/objects/cmd-list-windows.bc	-	-	0.032
0	fileck	workspace/tmux-bc/objects/cmd-list-windows.bc	-	-	0.016
0	null-deref	workspace/tmux-bc/objects/cmd-list-windows.bc	-	-	0.032
0	leak	workspace/tmux-bc/objects/cmd-load-buffer.bc	-	outputs/saber/tmux/workspace__tmux-bc__objects__cmd-load-buffer.leak.stderr.txt	0.032
0	dfree	workspace/tmux-bc/objects/cmd-load-buffer.bc	-	-	0.032
0	fileck	workspace/tmux-bc/objects/cmd-load-buffer.bc	-	-	0.016
0	null-deref	workspace/tmux-bc/objects/cmd-load-buffer.bc	-	outputs/saber/tmux/workspace__tmux-bc__objects__cmd-load-buffer.null-deref.stderr.txt	0.032
0	leak	workspace/tmux-bc/objects/cmd-lock-server.bc	-	-	0.016
0	dfree	workspace/tmux-bc/objects/cmd-lock-server.bc	-	-	0.016
0	fileck	workspace/tmux-bc/objects/cmd-lock-server.bc	-	-	0.016
0	null-deref	workspace/tmux-bc/objects/cmd-lock-server.bc	-	-	0.016
0	leak	workspace/tmux-bc/objects/cmd-move-window.bc	-	-	0.016
0	dfree	workspace/tmux-bc/objects/cmd-move-window.bc	-	-	0.016
0	fileck	workspace/tmux-bc/objects/cmd-move-window.bc	-	-	0.016
0	null-deref	workspace/tmux-bc/objects/cmd-move-window.bc	-	-	0.016
0	leak	workspace/tmux-bc/objects/cmd-new-session.bc	-	outputs/saber/tmux/workspace__tmux-bc__objects__cmd-new-session.leak.stderr.txt	0.265
0	dfree	workspace/tmux-bc/objects/cmd-new-session.bc	-	outputs/saber/tmux/workspace__tmux-bc__objects__cmd-new-session.dfree.stderr.txt	0.264
0	fileck	workspace/tmux-bc/objects/cmd-new-session.bc	-	-	0.032
0	null-deref	workspace/tmux-bc/objects/cmd-new-session.bc	-	outputs/saber/tmux/workspace__tmux-bc__objects__cmd-new-session.null-deref.stderr.txt	0.265
0	leak	workspace/tmux-bc/objects/cmd-new-window.bc	-	outputs/saber/tmux/workspace__tmux-bc__objects__cmd-new-window.leak.stderr.txt	0.032
0	dfree	workspace/tmux-bc/objects/cmd-new-window.bc	-	outputs/saber/tmux/workspace__tmux-bc__objects__cmd-new-window.dfree.stderr.txt	0.032
0	fileck	workspace/tmux-bc/objects/cmd-new-window.bc	-	-	0.032
0	null-deref	workspace/tmux-bc/objects/cmd-new-window.bc	-	outputs/saber/tmux/workspace__tmux-bc__objects__cmd-new-window.null-deref.stderr.txt	0.032
124	leak	workspace/tmux-bc/objects/cmd-parse.bc	-	outputs/saber/tmux/workspace__tmux-bc__objects__cmd-parse.leak.stderr.txt	120.003
124	dfree	workspace/tmux-bc/objects/cmd-parse.bc	-	outputs/saber/tmux/workspace__tmux-bc__objects__cmd-parse.dfree.stderr.txt	120.002
0	fileck	workspace/tmux-bc/objects/cmd-parse.bc	-	-	0.164
124	null-deref	workspace/tmux-bc/objects/cmd-parse.bc	-	outputs/saber/tmux/workspace__tmux-bc__objects__cmd-parse.null-deref.stderr.txt	120.008
0	leak	workspace/tmux-bc/objects/cmd-paste-buffer.bc	-	-	0.032
0	dfree	workspace/tmux-bc/objects/cmd-paste-buffer.bc	-	-	0.032
0	fileck	workspace/tmux-bc/objects/cmd-paste-buffer.bc	-	-	0.032
0	null-deref	workspace/tmux-bc/objects/cmd-paste-buffer.bc	-	-	0.032
0	leak	workspace/tmux-bc/objects/cmd-pipe-pane.bc	-	-	0.032
0	dfree	workspace/tmux-bc/objects/cmd-pipe-pane.bc	-	-	0.032
0	fileck	workspace/tmux-bc/objects/cmd-pipe-pane.bc	-	-	0.032
0	null-deref	workspace/tmux-bc/objects/cmd-pipe-pane.bc	-	-	0.032
0	leak	workspace/tmux-bc/objects/cmd-queue.bc	-	-	3.723
0	dfree	workspace/tmux-bc/objects/cmd-queue.bc	-	outputs/saber/tmux/workspace__tmux-bc__objects__cmd-queue.dfree.stderr.txt	3.733
0	fileck	workspace/tmux-bc/objects/cmd-queue.bc	-	-	0.064
0	null-deref	workspace/tmux-bc/objects/cmd-queue.bc	-	-	3.674
0	leak	workspace/tmux-bc/objects/cmd-refresh-client.bc	-	-	0.032
0	dfree	workspace/tmux-bc/objects/cmd-refresh-client.bc	-	-	0.032
0	fileck	workspace/tmux-bc/objects/cmd-refresh-client.bc	-	-	0.032
0	null-deref	workspace/tmux-bc/objects/cmd-refresh-client.bc	-	-	0.032
0	leak	workspace/tmux-bc/objects/cmd-rename-session.bc	-	outputs/saber/tmux/workspace__tmux-bc__objects__cmd-rename-session.leak.stderr.txt	0.032
0	dfree	workspace/tmux-bc/objects/cmd-rename-session.bc	-	-	0.032
0	fileck	workspace/tmux-bc/objects/cmd-rename-session.bc	-	-	0.016
0	null-deref	workspace/tmux-bc/objects/cmd-rename-session.bc	-	outputs/saber/tmux/workspace__tmux-bc__objects__cmd-rename-session.null-deref.stderr.txt	0.032
0	leak	workspace/tmux-bc/objects/cmd-rename-window.bc	-	-	0.016
0	dfree	workspace/tmux-bc/objects/cmd-rename-window.bc	-	-	0.016
0	fileck	workspace/tmux-bc/objects/cmd-rename-window.bc	-	-	0.016
0	null-deref	workspace/tmux-bc/objects/cmd-rename-window.bc	-	-	0.016
0	leak	workspace/tmux-bc/objects/cmd-resize-pane.bc	-	-	0.032
0	dfree	workspace/tmux-bc/objects/cmd-resize-pane.bc	-	-	0.032
0	fileck	workspace/tmux-bc/objects/cmd-resize-pane.bc	-	-	0.032
0	null-deref	workspace/tmux-bc/objects/cmd-resize-pane.bc	-	-	0.032
0	leak	workspace/tmux-bc/objects/cmd-resize-window.bc	-	-	0.032
0	dfree	workspace/tmux-bc/objects/cmd-resize-window.bc	-	-	0.016
0	fileck	workspace/tmux-bc/objects/cmd-resize-window.bc	-	-	0.016
0	null-deref	workspace/tmux-bc/objects/cmd-resize-window.bc	-	-	0.016
0	leak	workspace/tmux-bc/objects/cmd-respawn-pane.bc	-	outputs/saber/tmux/workspace__tmux-bc__objects__cmd-respawn-pane.leak.stderr.txt	0.032
0	dfree	workspace/tmux-bc/objects/cmd-respawn-pane.bc	-	-	0.032
0	fileck	workspace/tmux-bc/objects/cmd-respawn-pane.bc	-	-	0.016
0	null-deref	workspace/tmux-bc/objects/cmd-respawn-pane.bc	-	outputs/saber/tmux/workspace__tmux-bc__objects__cmd-respawn-pane.null-deref.stderr.txt	0.032
0	leak	workspace/tmux-bc/objects/cmd-respawn-window.bc	-	outputs/saber/tmux/workspace__tmux-bc__objects__cmd-respawn-window.leak.stderr.txt	0.032
0	dfree	workspace/tmux-bc/objects/cmd-respawn-window.bc	-	-	0.032
0	fileck	workspace/tmux-bc/objects/cmd-respawn-window.bc	-	-	0.016
0	null-deref	workspace/tmux-bc/objects/cmd-respawn-window.bc	-	outputs/saber/tmux/workspace__tmux-bc__objects__cmd-respawn-window.null-deref.stderr.txt	0.032
0	leak	workspace/tmux-bc/objects/cmd-rotate-window.bc	-	-	0.032
0	dfree	workspace/tmux-bc/objects/cmd-rotate-window.bc	-	-	0.032
0	fileck	workspace/tmux-bc/objects/cmd-rotate-window.bc	-	-	0.032
0	null-deref	workspace/tmux-bc/objects/cmd-rotate-window.bc	-	-	0.032
0	leak	workspace/tmux-bc/objects/cmd-run-shell.bc	-	outputs/saber/tmux/workspace__tmux-bc__objects__cmd-run-shell.leak.stderr.txt	0.032
0	dfree	workspace/tmux-bc/objects/cmd-run-shell.bc	-	-	0.032
0	fileck	workspace/tmux-bc/objects/cmd-run-shell.bc	-	-	0.032
0	null-deref	workspace/tmux-bc/objects/cmd-run-shell.bc	-	outputs/saber/tmux/workspace__tmux-bc__objects__cmd-run-shell.null-deref.stderr.txt	0.032
0	leak	workspace/tmux-bc/objects/cmd-save-buffer.bc	-	-	0.032
0	dfree	workspace/tmux-bc/objects/cmd-save-buffer.bc	-	-	0.032
0	fileck	workspace/tmux-bc/objects/cmd-save-buffer.bc	-	-	0.032
0	null-deref	workspace/tmux-bc/objects/cmd-save-buffer.bc	-	-	0.032
0	leak	workspace/tmux-bc/objects/cmd-select-layout.bc	-	-	0.032
0	dfree	workspace/tmux-bc/objects/cmd-select-layout.bc	-	-	0.032
0	fileck	workspace/tmux-bc/objects/cmd-select-layout.bc	-	-	0.016
0	null-deref	workspace/tmux-bc/objects/cmd-select-layout.bc	-	-	0.016
0	leak	workspace/tmux-bc/objects/cmd-select-pane.bc	-	-	0.032
0	dfree	workspace/tmux-bc/objects/cmd-select-pane.bc	-	-	0.032
0	fileck	workspace/tmux-bc/objects/cmd-select-pane.bc	-	-	0.032
0	null-deref	workspace/tmux-bc/objects/cmd-select-pane.bc	-	-	0.032
0	leak	workspace/tmux-bc/objects/cmd-select-window.bc	-	-	0.032
0	dfree	workspace/tmux-bc/objects/cmd-select-window.bc	-	-	0.032
0	fileck	workspace/tmux-bc/objects/cmd-select-window.bc	-	-	0.032
0	null-deref	workspace/tmux-bc/objects/cmd-select-window.bc	-	-	0.032
0	leak	workspace/tmux-bc/objects/cmd-send-keys.bc	-	outputs/saber/tmux/workspace__tmux-bc__objects__cmd-send-keys.leak.stderr.txt	0.033
0	dfree	workspace/tmux-bc/objects/cmd-send-keys.bc	-	-	0.032
0	fileck	workspace/tmux-bc/objects/cmd-send-keys.bc	-	-	0.032
0	null-deref	workspace/tmux-bc/objects/cmd-send-keys.bc	-	outputs/saber/tmux/workspace__tmux-bc__objects__cmd-send-keys.null-deref.stderr.txt	0.032
0	leak	workspace/tmux-bc/objects/cmd-server-access.bc	-	outputs/saber/tmux/workspace__tmux-bc__objects__cmd-server-access.leak.stderr.txt	0.032
0	dfree	workspace/tmux-bc/objects/cmd-server-access.bc	-	-	0.032
0	fileck	workspace/tmux-bc/objects/cmd-server-access.bc	-	-	0.032
0	null-deref	workspace/tmux-bc/objects/cmd-server-access.bc	-	outputs/saber/tmux/workspace__tmux-bc__objects__cmd-server-access.null-deref.stderr.txt	0.034
0	leak	workspace/tmux-bc/objects/cmd-set-buffer.bc	-	outputs/saber/tmux/workspace__tmux-bc__objects__cmd-set-buffer.leak.stderr.txt	0.032
0	dfree	workspace/tmux-bc/objects/cmd-set-buffer.bc	-	outputs/saber/tmux/workspace__tmux-bc__objects__cmd-set-buffer.dfree.stderr.txt	0.032
0	fileck	workspace/tmux-bc/objects/cmd-set-buffer.bc	-	-	0.032
0	null-deref	workspace/tmux-bc/objects/cmd-set-buffer.bc	-	outputs/saber/tmux/workspace__tmux-bc__objects__cmd-set-buffer.null-deref.stderr.txt	0.032
0	leak	workspace/tmux-bc/objects/cmd-set-environment.bc	-	-	0.032
0	dfree	workspace/tmux-bc/objects/cmd-set-environment.bc	-	-	0.016
0	fileck	workspace/tmux-bc/objects/cmd-set-environment.bc	-	-	0.016
0	null-deref	workspace/tmux-bc/objects/cmd-set-environment.bc	-	-	0.016
0	leak	workspace/tmux-bc/objects/cmd-set-option.bc	-	-	0.064
0	dfree	workspace/tmux-bc/objects/cmd-set-option.bc	-	outputs/saber/tmux/workspace__tmux-bc__objects__cmd-set-option.dfree.stderr.txt	0.064
0	fileck	workspace/tmux-bc/objects/cmd-set-option.bc	-	-	0.032
0	null-deref	workspace/tmux-bc/objects/cmd-set-option.bc	-	-	0.064
0	leak	workspace/tmux-bc/objects/cmd-show-environment.bc	-	-	0.032
0	dfree	workspace/tmux-bc/objects/cmd-show-environment.bc	-	-	0.032
0	fileck	workspace/tmux-bc/objects/cmd-show-environment.bc	-	-	0.032
0	null-deref	workspace/tmux-bc/objects/cmd-show-environment.bc	-	-	0.032
0	leak	workspace/tmux-bc/objects/cmd-show-messages.bc	-	-	0.032
0	dfree	workspace/tmux-bc/objects/cmd-show-messages.bc	-	-	0.032
0	fileck	workspace/tmux-bc/objects/cmd-show-messages.bc	-	-	0.032
0	null-deref	workspace/tmux-bc/objects/cmd-show-messages.bc	-	-	0.032
0	leak	workspace/tmux-bc/objects/cmd-show-options.bc	-	-	0.032
0	dfree	workspace/tmux-bc/objects/cmd-show-options.bc	-	outputs/saber/tmux/workspace__tmux-bc__objects__cmd-show-options.dfree.stderr.txt	0.032
0	fileck	workspace/tmux-bc/objects/cmd-show-options.bc	-	-	0.032
0	null-deref	workspace/tmux-bc/objects/cmd-show-options.bc	-	-	0.032
0	leak	workspace/tmux-bc/objects/cmd-show-prompt-history.bc	-	-	0.016
0	dfree	workspace/tmux-bc/objects/cmd-show-prompt-history.bc	-	-	0.016
0	fileck	workspace/tmux-bc/objects/cmd-show-prompt-history.bc	-	-	0.016
0	null-deref	workspace/tmux-bc/objects/cmd-show-prompt-history.bc	-	-	0.016
0	leak	workspace/tmux-bc/objects/cmd-source-file.bc	-	outputs/saber/tmux/workspace__tmux-bc__objects__cmd-source-file.leak.stderr.txt	0.064
0	dfree	workspace/tmux-bc/objects/cmd-source-file.bc	-	outputs/saber/tmux/workspace__tmux-bc__objects__cmd-source-file.dfree.stderr.txt	0.064
0	fileck	workspace/tmux-bc/objects/cmd-source-file.bc	-	-	0.023
0	null-deref	workspace/tmux-bc/objects/cmd-source-file.bc	-	outputs/saber/tmux/workspace__tmux-bc__objects__cmd-source-file.null-deref.stderr.txt	0.064
0	leak	workspace/tmux-bc/objects/cmd-split-window.bc	-	outputs/saber/tmux/workspace__tmux-bc__objects__cmd-split-window.leak.stderr.txt	0.064
0	dfree	workspace/tmux-bc/objects/cmd-split-window.bc	-	outputs/saber/tmux/workspace__tmux-bc__objects__cmd-split-window.dfree.stderr.txt	0.064
0	fileck	workspace/tmux-bc/objects/cmd-split-window.bc	-	-	0.032
0	null-deref	workspace/tmux-bc/objects/cmd-split-window.bc	-	outputs/saber/tmux/workspace__tmux-bc__objects__cmd-split-window.null-deref.stderr.txt	0.064
0	leak	workspace/tmux-bc/objects/cmd-swap-pane.bc	-	-	0.021
0	dfree	workspace/tmux-bc/objects/cmd-swap-pane.bc	-	-	0.032
0	fileck	workspace/tmux-bc/objects/cmd-swap-pane.bc	-	-	0.032
0	null-deref	workspace/tmux-bc/objects/cmd-swap-pane.bc	-	-	0.032
0	leak	workspace/tmux-bc/objects/cmd-swap-window.bc	-	-	0.032
0	dfree	workspace/tmux-bc/objects/cmd-swap-window.bc	-	-	0.032
0	fileck	workspace/tmux-bc/objects/cmd-swap-window.bc	-	-	0.016
0	null-deref	workspace/tmux-bc/objects/cmd-swap-window.bc	-	-	0.016
0	leak	workspace/tmux-bc/objects/cmd-switch-client.bc	-	-	0.032
0	dfree	workspace/tmux-bc/objects/cmd-switch-client.bc	-	-	0.032
0	fileck	workspace/tmux-bc/objects/cmd-switch-client.bc	-	-	0.032
0	null-deref	workspace/tmux-bc/objects/cmd-switch-client.bc	-	-	0.032
0	leak	workspace/tmux-bc/objects/cmd-unbind-key.bc	-	-	0.016
0	dfree	workspace/tmux-bc/objects/cmd-unbind-key.bc	-	-	0.016
0	fileck	workspace/tmux-bc/objects/cmd-unbind-key.bc	-	-	0.016
0	null-deref	workspace/tmux-bc/objects/cmd-unbind-key.bc	-	-	0.016
0	leak	workspace/tmux-bc/objects/cmd-wait-for.bc	-	outputs/saber/tmux/workspace__tmux-bc__objects__cmd-wait-for.leak.stderr.txt	5.276
0	dfree	workspace/tmux-bc/objects/cmd-wait-for.bc	-	outputs/saber/tmux/workspace__tmux-bc__objects__cmd-wait-for.dfree.stderr.txt	5.278
0	fileck	workspace/tmux-bc/objects/cmd-wait-for.bc	-	-	0.068
0	null-deref	workspace/tmux-bc/objects/cmd-wait-for.bc	-	outputs/saber/tmux/workspace__tmux-bc__objects__cmd-wait-for.null-deref.stderr.txt	5.277
0	leak	workspace/tmux-bc/objects/cmd.bc	-	outputs/saber/tmux/workspace__tmux-bc__objects__cmd.leak.stderr.txt	0.064
0	dfree	workspace/tmux-bc/objects/cmd.bc	-	-	0.064
0	fileck	workspace/tmux-bc/objects/cmd.bc	-	-	0.064
0	null-deref	workspace/tmux-bc/objects/cmd.bc	-	outputs/saber/tmux/workspace__tmux-bc__objects__cmd.null-deref.stderr.txt	0.064
0	leak	workspace/tmux-bc/objects/colour.bc	-	-	0.115
0	dfree	workspace/tmux-bc/objects/colour.bc	-	-	0.114
0	fileck	workspace/tmux-bc/objects/colour.bc	-	-	0.114
0	null-deref	workspace/tmux-bc/objects/colour.bc	-	-	0.114
0	leak	workspace/tmux-bc/objects/control-notify.bc	-	-	0.034
0	dfree	workspace/tmux-bc/objects/control-notify.bc	-	-	0.032
0	fileck	workspace/tmux-bc/objects/control-notify.bc	-	-	0.032
0	null-deref	workspace/tmux-bc/objects/control-notify.bc	-	-	0.032
0	leak	workspace/tmux-bc/objects/control.bc	-	outputs/saber/tmux/workspace__tmux-bc__objects__control.leak.stderr.txt	0.215
0	dfree	workspace/tmux-bc/objects/control.bc	-	-	0.215
0	fileck	workspace/tmux-bc/objects/control.bc	-	-	0.214
0	null-deref	workspace/tmux-bc/objects/control.bc	-	outputs/saber/tmux/workspace__tmux-bc__objects__control.null-deref.stderr.txt	0.215
0	leak	workspace/tmux-bc/objects/environ.bc	-	outputs/saber/tmux/workspace__tmux-bc__objects__environ.leak.stderr.txt	0.064
0	dfree	workspace/tmux-bc/objects/environ.bc	-	-	0.064
0	fileck	workspace/tmux-bc/objects/environ.bc	-	-	0.064
0	null-deref	workspace/tmux-bc/objects/environ.bc	-	outputs/saber/tmux/workspace__tmux-bc__objects__environ.null-deref.stderr.txt	0.064
0	leak	workspace/tmux-bc/objects/fdforkpty.bc	-	-	0.016
0	dfree	workspace/tmux-bc/objects/fdforkpty.bc	-	-	0.016
0	fileck	workspace/tmux-bc/objects/fdforkpty.bc	-	-	0.016
0	null-deref	workspace/tmux-bc/objects/fdforkpty.bc	-	-	0.016
0	leak	workspace/tmux-bc/objects/fgetln.bc	-	-	0.016
0	dfree	workspace/tmux-bc/objects/fgetln.bc	-	-	0.016
0	fileck	workspace/tmux-bc/objects/fgetln.bc	-	-	0.016
0	null-deref	workspace/tmux-bc/objects/fgetln.bc	-	-	0.016
0	leak	workspace/tmux-bc/objects/file.bc	-	outputs/saber/tmux/workspace__tmux-bc__objects__file.leak.stderr.txt	0.114
0	dfree	workspace/tmux-bc/objects/file.bc	-	-	0.114
0	fileck	workspace/tmux-bc/objects/file.bc	-	-	0.114
0	null-deref	workspace/tmux-bc/objects/file.bc	-	outputs/saber/tmux/workspace__tmux-bc__objects__file.null-deref.stderr.txt	0.123
0	leak	workspace/tmux-bc/objects/format-draw.bc	-	-	0.115
0	dfree	workspace/tmux-bc/objects/format-draw.bc	-	-	0.114
0	fileck	workspace/tmux-bc/objects/format-draw.bc	-	-	0.114
0	null-deref	workspace/tmux-bc/objects/format-draw.bc	-	-	0.070
124	leak	workspace/tmux-bc/objects/format.bc	-	outputs/saber/tmux/workspace__tmux-bc__objects__format.leak.stderr.txt	120.005
124	dfree	workspace/tmux-bc/objects/format.bc	-	outputs/saber/tmux/workspace__tmux-bc__objects__format.dfree.stderr.txt	120.004
0	fileck	workspace/tmux-bc/objects/format.bc	-	-	0.465
124	null-deref	workspace/tmux-bc/objects/format.bc	-	outputs/saber/tmux/workspace__tmux-bc__objects__format.null-deref.stderr.txt	120.002
0	leak	workspace/tmux-bc/objects/freezero.bc	-	-	0.016
0	dfree	workspace/tmux-bc/objects/freezero.bc	-	-	0.016
0	fileck	workspace/tmux-bc/objects/freezero.bc	-	-	0.016
0	null-deref	workspace/tmux-bc/objects/freezero.bc	-	-	0.016
0	leak	workspace/tmux-bc/objects/getdtablecount.bc	-	-	0.016
0	dfree	workspace/tmux-bc/objects/getdtablecount.bc	-	-	0.016
0	fileck	workspace/tmux-bc/objects/getdtablecount.bc	-	-	0.016
0	null-deref	workspace/tmux-bc/objects/getdtablecount.bc	-	-	0.016
0	leak	workspace/tmux-bc/objects/getopt_long.bc	-	-	0.032
0	dfree	workspace/tmux-bc/objects/getopt_long.bc	-	-	0.032
0	fileck	workspace/tmux-bc/objects/getopt_long.bc	-	-	0.032
0	null-deref	workspace/tmux-bc/objects/getopt_long.bc	-	-	0.032
0	leak	workspace/tmux-bc/objects/getpeereid.bc	-	-	0.016
0	dfree	workspace/tmux-bc/objects/getpeereid.bc	-	-	0.016
0	fileck	workspace/tmux-bc/objects/getpeereid.bc	-	-	0.016
0	null-deref	workspace/tmux-bc/objects/getpeereid.bc	-	-	0.016
0	leak	workspace/tmux-bc/objects/getprogname.bc	-	-	0.016
0	dfree	workspace/tmux-bc/objects/getprogname.bc	-	-	0.016
0	fileck	workspace/tmux-bc/objects/getprogname.bc	-	-	0.016
0	null-deref	workspace/tmux-bc/objects/getprogname.bc	-	-	0.016
0	leak	workspace/tmux-bc/objects/grid-reader.bc	-	-	0.032
0	dfree	workspace/tmux-bc/objects/grid-reader.bc	-	-	0.032
0	fileck	workspace/tmux-bc/objects/grid-reader.bc	-	-	0.032
0	null-deref	workspace/tmux-bc/objects/grid-reader.bc	-	-	0.032
0	leak	workspace/tmux-bc/objects/grid-view.bc	-	-	0.032
0	dfree	workspace/tmux-bc/objects/grid-view.bc	-	-	0.032
0	fileck	workspace/tmux-bc/objects/grid-view.bc	-	-	0.032
0	null-deref	workspace/tmux-bc/objects/grid-view.bc	-	-	0.032
0	leak	workspace/tmux-bc/objects/grid.bc	-	outputs/saber/tmux/workspace__tmux-bc__objects__grid.leak.stderr.txt	0.114
0	dfree	workspace/tmux-bc/objects/grid.bc	-	-	0.114
0	fileck	workspace/tmux-bc/objects/grid.bc	-	-	0.114
0	null-deref	workspace/tmux-bc/objects/grid.bc	-	outputs/saber/tmux/workspace__tmux-bc__objects__grid.null-deref.stderr.txt	0.114
0	leak	workspace/tmux-bc/objects/htonll.bc	-	-	0.016
0	dfree	workspace/tmux-bc/objects/htonll.bc	-	-	0.016
0	fileck	workspace/tmux-bc/objects/htonll.bc	-	-	0.016
0	null-deref	workspace/tmux-bc/objects/htonll.bc	-	-	0.016
0	leak	workspace/tmux-bc/objects/hyperlinks.bc	-	-	0.114
0	dfree	workspace/tmux-bc/objects/hyperlinks.bc	-	-	0.114
0	fileck	workspace/tmux-bc/objects/hyperlinks.bc	-	-	0.114
0	null-deref	workspace/tmux-bc/objects/hyperlinks.bc	-	-	0.114
0	leak	workspace/tmux-bc/objects/imsg-buffer.bc	-	outputs/saber/tmux/workspace__tmux-bc__objects__imsg-buffer.leak.stderr.txt	0.064
0	dfree	workspace/tmux-bc/objects/imsg-buffer.bc	-	-	0.064
0	fileck	workspace/tmux-bc/objects/imsg-buffer.bc	-	-	0.064
0	null-deref	workspace/tmux-bc/objects/imsg-buffer.bc	-	outputs/saber/tmux/workspace__tmux-bc__objects__imsg-buffer.null-deref.stderr.txt	0.064
0	leak	workspace/tmux-bc/objects/imsg.bc	-	outputs/saber/tmux/workspace__tmux-bc__objects__imsg.leak.stderr.txt	0.032
0	dfree	workspace/tmux-bc/objects/imsg.bc	-	-	0.032
0	fileck	workspace/tmux-bc/objects/imsg.bc	-	-	0.032
0	null-deref	workspace/tmux-bc/objects/imsg.bc	-	outputs/saber/tmux/workspace__tmux-bc__objects__imsg.null-deref.stderr.txt	0.032
0	leak	workspace/tmux-bc/objects/input-keys.bc	-	-	0.064
0	dfree	workspace/tmux-bc/objects/input-keys.bc	-	-	0.064
0	fileck	workspace/tmux-bc/objects/input-keys.bc	-	-	0.064
0	null-deref	workspace/tmux-bc/objects/input-keys.bc	-	-	0.065
0	leak	workspace/tmux-bc/objects/input.bc	-	outputs/saber/tmux/workspace__tmux-bc__objects__input.leak.stderr.txt	0.215
0	dfree	workspace/tmux-bc/objects/input.bc	-	outputs/saber/tmux/workspace__tmux-bc__objects__input.dfree.stderr.txt	0.215
0	fileck	workspace/tmux-bc/objects/input.bc	-	-	0.174
0	null-deref	workspace/tmux-bc/objects/input.bc	-	outputs/saber/tmux/workspace__tmux-bc__objects__input.null-deref.stderr.txt	0.215
0	leak	workspace/tmux-bc/objects/job.bc	-	-	0.032
0	dfree	workspace/tmux-bc/objects/job.bc	-	-	0.032
0	fileck	workspace/tmux-bc/objects/job.bc	-	-	0.032
0	null-deref	workspace/tmux-bc/objects/job.bc	-	-	0.032
0	leak	workspace/tmux-bc/objects/key-bindings.bc	-	outputs/saber/tmux/workspace__tmux-bc__objects__key-bindings.leak.stderr.txt	11.596
0	dfree	workspace/tmux-bc/objects/key-bindings.bc	-	outputs/saber/tmux/workspace__tmux-bc__objects__key-bindings.dfree.stderr.txt	11.749
0	fileck	workspace/tmux-bc/objects/key-bindings.bc	-	-	0.122
0	null-deref	workspace/tmux-bc/objects/key-bindings.bc	-	outputs/saber/tmux/workspace__tmux-bc__objects__key-bindings.null-deref.stderr.txt	11.744
0	leak	workspace/tmux-bc/objects/key-string.bc	-	-	0.166
0	dfree	workspace/tmux-bc/objects/key-string.bc	-	-	0.165
0	fileck	workspace/tmux-bc/objects/key-string.bc	-	-	0.165
0	null-deref	workspace/tmux-bc/objects/key-string.bc	-	-	0.164
0	leak	workspace/tmux-bc/objects/layout-custom.bc	-	outputs/saber/tmux/workspace__tmux-bc__objects__layout-custom.leak.stderr.txt	0.064
0	dfree	workspace/tmux-bc/objects/layout-custom.bc	-	outputs/saber/tmux/workspace__tmux-bc__objects__layout-custom.dfree.stderr.txt	0.064
0	fileck	workspace/tmux-bc/objects/layout-custom.bc	-	-	0.032
0	null-deref	workspace/tmux-bc/objects/layout-custom.bc	-	outputs/saber/tmux/workspace__tmux-bc__objects__layout-custom.null-deref.stderr.txt	0.064
0	leak	workspace/tmux-bc/objects/layout-set.bc	-	outputs/saber/tmux/workspace__tmux-bc__objects__layout-set.leak.stderr.txt	0.064
0	dfree	workspace/tmux-bc/objects/layout-set.bc	-	-	0.064
0	fileck	workspace/tmux-bc/objects/layout-set.bc	-	-	0.064
0	null-deref	workspace/tmux-bc/objects/layout-set.bc	-	outputs/saber/tmux/workspace__tmux-bc__objects__layout-set.null-deref.stderr.txt	0.073
0	leak	workspace/tmux-bc/objects/layout.bc	-	outputs/saber/tmux/workspace__tmux-bc__objects__layout.leak.stderr.txt	0.069
0	dfree	workspace/tmux-bc/objects/layout.bc	-	-	0.064
0	fileck	workspace/tmux-bc/objects/layout.bc	-	-	0.064
0	null-deref	workspace/tmux-bc/objects/layout.bc	-	outputs/saber/tmux/workspace__tmux-bc__objects__layout.null-deref.stderr.txt	0.064
0	leak	workspace/tmux-bc/objects/log.bc	-	-	0.016
0	dfree	workspace/tmux-bc/objects/log.bc	-	-	0.016
0	fileck	workspace/tmux-bc/objects/log.bc	-	outputs/saber/tmux/workspace__tmux-bc__objects__log.fileck.stderr.txt	0.032
0	null-deref	workspace/tmux-bc/objects/log.bc	-	-	0.016
0	leak	workspace/tmux-bc/objects/menu.bc	-	outputs/saber/tmux/workspace__tmux-bc__objects__menu.leak.stderr.txt	0.064
0	dfree	workspace/tmux-bc/objects/menu.bc	-	-	0.064
0	fileck	workspace/tmux-bc/objects/menu.bc	-	-	0.064
0	null-deref	workspace/tmux-bc/objects/menu.bc	-	outputs/saber/tmux/workspace__tmux-bc__objects__menu.null-deref.stderr.txt	0.072
0	leak	workspace/tmux-bc/objects/mode-tree.bc	-	outputs/saber/tmux/workspace__tmux-bc__objects__mode-tree.leak.stderr.txt	0.164
0	dfree	workspace/tmux-bc/objects/mode-tree.bc	-	-	0.164
0	fileck	workspace/tmux-bc/objects/mode-tree.bc	-	-	0.114
0	null-deref	workspace/tmux-bc/objects/mode-tree.bc	-	outputs/saber/tmux/workspace__tmux-bc__objects__mode-tree.null-deref.stderr.txt	0.171
0	leak	workspace/tmux-bc/objects/names.bc	-	-	0.032
0	dfree	workspace/tmux-bc/objects/names.bc	-	-	0.032
0	fileck	workspace/tmux-bc/objects/names.bc	-	-	0.032
0	null-deref	workspace/tmux-bc/objects/names.bc	-	-	0.032
0	leak	workspace/tmux-bc/objects/notify.bc	-	outputs/saber/tmux/workspace__tmux-bc__objects__notify.leak.stderr.txt	0.032
0	dfree	workspace/tmux-bc/objects/notify.bc	-	-	0.032
0	fileck	workspace/tmux-bc/objects/notify.bc	-	-	0.032
0	null-deref	workspace/tmux-bc/objects/notify.bc	-	outputs/saber/tmux/workspace__tmux-bc__objects__notify.null-deref.stderr.txt	0.032
0	leak	workspace/tmux-bc/objects/ntohll.bc	-	-	0.016
0	dfree	workspace/tmux-bc/objects/ntohll.bc	-	-	0.016
0	fileck	workspace/tmux-bc/objects/ntohll.bc	-	-	0.016
0	null-deref	workspace/tmux-bc/objects/ntohll.bc	-	-	0.016
0	leak	workspace/tmux-bc/objects/options-table.bc	-	-	0.064
0	dfree	workspace/tmux-bc/objects/options-table.bc	-	-	0.064
0	fileck	workspace/tmux-bc/objects/options-table.bc	-	-	0.064
0	null-deref	workspace/tmux-bc/objects/options-table.bc	-	-	0.064
0	leak	workspace/tmux-bc/objects/options.bc	-	outputs/saber/tmux/workspace__tmux-bc__objects__options.leak.stderr.txt	47.488
0	dfree	workspace/tmux-bc/objects/options.bc	-	outputs/saber/tmux/workspace__tmux-bc__objects__options.dfree.stderr.txt	47.935
0	fileck	workspace/tmux-bc/objects/options.bc	-	-	0.170
0	null-deref	workspace/tmux-bc/objects/options.bc	-	outputs/saber/tmux/workspace__tmux-bc__objects__options.null-deref.stderr.txt	47.531
0	leak	workspace/tmux-bc/objects/osdep-linux.bc	-	-	0.017
0	dfree	workspace/tmux-bc/objects/osdep-linux.bc	-	-	0.016
0	fileck	workspace/tmux-bc/objects/osdep-linux.bc	-	-	0.016
0	null-deref	workspace/tmux-bc/objects/osdep-linux.bc	-	-	0.016
0	leak	workspace/tmux-bc/objects/paste.bc	-	outputs/saber/tmux/workspace__tmux-bc__objects__paste.leak.stderr.txt	0.114
0	dfree	workspace/tmux-bc/objects/paste.bc	-	-	0.120
0	fileck	workspace/tmux-bc/objects/paste.bc	-	-	0.120
0	null-deref	workspace/tmux-bc/objects/paste.bc	-	outputs/saber/tmux/workspace__tmux-bc__objects__paste.null-deref.stderr.txt	0.123
0	leak	workspace/tmux-bc/objects/popup.bc	-	outputs/saber/tmux/workspace__tmux-bc__objects__popup.leak.stderr.txt	0.114
0	dfree	workspace/tmux-bc/objects/popup.bc	-	outputs/saber/tmux/workspace__tmux-bc__objects__popup.dfree.stderr.txt	0.114
0	fileck	workspace/tmux-bc/objects/popup.bc	-	-	0.114
0	null-deref	workspace/tmux-bc/objects/popup.bc	-	outputs/saber/tmux/workspace__tmux-bc__objects__popup.null-deref.stderr.txt	0.124
0	leak	workspace/tmux-bc/objects/proc.bc	-	-	0.033
0	dfree	workspace/tmux-bc/objects/proc.bc	-	-	0.035
0	fileck	workspace/tmux-bc/objects/proc.bc	-	-	0.032
0	null-deref	workspace/tmux-bc/objects/proc.bc	-	-	0.032
0	leak	workspace/tmux-bc/objects/recallocarray.bc	-	-	0.016
0	dfree	workspace/tmux-bc/objects/recallocarray.bc	-	-	0.016
0	fileck	workspace/tmux-bc/objects/recallocarray.bc	-	-	0.016
0	null-deref	workspace/tmux-bc/objects/recallocarray.bc	-	-	0.016
0	leak	workspace/tmux-bc/objects/regsub.bc	-	outputs/saber/tmux/workspace__tmux-bc__objects__regsub.leak.stderr.txt	0.032
0	dfree	workspace/tmux-bc/objects/regsub.bc	-	-	0.032
0	fileck	workspace/tmux-bc/objects/regsub.bc	-	-	0.016
0	null-deref	workspace/tmux-bc/objects/regsub.bc	-	outputs/saber/tmux/workspace__tmux-bc__objects__regsub.null-deref.stderr.txt	0.032
0	leak	workspace/tmux-bc/objects/resize.bc	-	-	0.032
0	dfree	workspace/tmux-bc/objects/resize.bc	-	-	0.032
0	fileck	workspace/tmux-bc/objects/resize.bc	-	-	0.032
0	null-deref	workspace/tmux-bc/objects/resize.bc	-	-	0.032
0	leak	workspace/tmux-bc/objects/screen-redraw.bc	-	-	0.114
0	dfree	workspace/tmux-bc/objects/screen-redraw.bc	-	-	0.122
0	fileck	workspace/tmux-bc/objects/screen-redraw.bc	-	-	0.116
0	null-deref	workspace/tmux-bc/objects/screen-redraw.bc	-	-	0.120
0	leak	workspace/tmux-bc/objects/screen-write.bc	-	outputs/saber/tmux/workspace__tmux-bc__objects__screen-write.leak.stderr.txt	0.164
0	dfree	workspace/tmux-bc/objects/screen-write.bc	-	-	0.164
0	fileck	workspace/tmux-bc/objects/screen-write.bc	-	-	0.165
0	null-deref	workspace/tmux-bc/objects/screen-write.bc	-	outputs/saber/tmux/workspace__tmux-bc__objects__screen-write.null-deref.stderr.txt	0.172
0	leak	workspace/tmux-bc/objects/screen.bc	-	outputs/saber/tmux/workspace__tmux-bc__objects__screen.leak.stderr.txt	0.064
0	dfree	workspace/tmux-bc/objects/screen.bc	-	-	0.064
0	fileck	workspace/tmux-bc/objects/screen.bc	-	-	0.064
0	null-deref	workspace/tmux-bc/objects/screen.bc	-	outputs/saber/tmux/workspace__tmux-bc__objects__screen.null-deref.stderr.txt	0.064
0	leak	workspace/tmux-bc/objects/server-acl.bc	-	outputs/saber/tmux/workspace__tmux-bc__objects__server-acl.leak.stderr.txt	0.064
0	dfree	workspace/tmux-bc/objects/server-acl.bc	-	-	0.070
0	fileck	workspace/tmux-bc/objects/server-acl.bc	-	-	0.066
0	null-deref	workspace/tmux-bc/objects/server-acl.bc	-	outputs/saber/tmux/workspace__tmux-bc__objects__server-acl.null-deref.stderr.txt	0.068
0	leak	workspace/tmux-bc/objects/server-client.bc	-	outputs/saber/tmux/workspace__tmux-bc__objects__server-client.leak.stderr.txt	0.265
0	dfree	workspace/tmux-bc/objects/server-client.bc	-	outputs/saber/tmux/workspace__tmux-bc__objects__server-client.dfree.stderr.txt	0.267
0	fileck	workspace/tmux-bc/objects/server-client.bc	-	-	0.265
0	null-deref	workspace/tmux-bc/objects/server-client.bc	-	outputs/saber/tmux/workspace__tmux-bc__objects__server-client.null-deref.stderr.txt	0.265
0	leak	workspace/tmux-bc/objects/server-fn.bc	-	-	0.032
0	dfree	workspace/tmux-bc/objects/server-fn.bc	-	-	0.032
0	fileck	workspace/tmux-bc/objects/server-fn.bc	-	-	0.032
0	null-deref	workspace/tmux-bc/objects/server-fn.bc	-	-	0.032
0	leak	workspace/tmux-bc/objects/server.bc	-	outputs/saber/tmux/workspace__tmux-bc__objects__server.leak.stderr.txt	0.064
0	dfree	workspace/tmux-bc/objects/server.bc	-	-	0.064
0	fileck	workspace/tmux-bc/objects/server.bc	-	-	0.039
0	null-deref	workspace/tmux-bc/objects/server.bc	-	outputs/saber/tmux/workspace__tmux-bc__objects__server.null-deref.stderr.txt	0.064
0	leak	workspace/tmux-bc/objects/session.bc	-	-	0.114
0	dfree	workspace/tmux-bc/objects/session.bc	-	-	0.164
0	fileck	workspace/tmux-bc/objects/session.bc	-	-	0.123
0	null-deref	workspace/tmux-bc/objects/session.bc	-	-	0.115
0	leak	workspace/tmux-bc/objects/setproctitle.bc	-	-	0.016
0	dfree	workspace/tmux-bc/objects/setproctitle.bc	-	-	0.016
0	fileck	workspace/tmux-bc/objects/setproctitle.bc	-	-	0.016
0	null-deref	workspace/tmux-bc/objects/setproctitle.bc	-	-	0.016
0	leak	workspace/tmux-bc/objects/sort.bc	-	-	0.064
0	dfree	workspace/tmux-bc/objects/sort.bc	-	-	0.064
0	fileck	workspace/tmux-bc/objects/sort.bc	-	-	0.064
0	null-deref	workspace/tmux-bc/objects/sort.bc	-	-	0.064
0	leak	workspace/tmux-bc/objects/spawn.bc	-	outputs/saber/tmux/workspace__tmux-bc__objects__spawn.leak.stderr.txt	0.064
0	dfree	workspace/tmux-bc/objects/spawn.bc	-	-	0.064
0	fileck	workspace/tmux-bc/objects/spawn.bc	-	-	0.064
0	null-deref	workspace/tmux-bc/objects/spawn.bc	-	outputs/saber/tmux/workspace__tmux-bc__objects__spawn.null-deref.stderr.txt	0.064
0	leak	workspace/tmux-bc/objects/status.bc	-	outputs/saber/tmux/workspace__tmux-bc__objects__status.leak.stderr.txt	0.215
0	dfree	workspace/tmux-bc/objects/status.bc	-	outputs/saber/tmux/workspace__tmux-bc__objects__status.dfree.stderr.txt	0.215
0	fileck	workspace/tmux-bc/objects/status.bc	-	-	0.114
0	null-deref	workspace/tmux-bc/objects/status.bc	-	outputs/saber/tmux/workspace__tmux-bc__objects__status.null-deref.stderr.txt	0.215
0	leak	workspace/tmux-bc/objects/strlcat.bc	-	-	0.016
0	dfree	workspace/tmux-bc/objects/strlcat.bc	-	-	0.016
0	fileck	workspace/tmux-bc/objects/strlcat.bc	-	-	0.016
0	null-deref	workspace/tmux-bc/objects/strlcat.bc	-	-	0.016
0	leak	workspace/tmux-bc/objects/strlcpy.bc	-	-	0.016
0	dfree	workspace/tmux-bc/objects/strlcpy.bc	-	-	0.016
0	fileck	workspace/tmux-bc/objects/strlcpy.bc	-	-	0.016
0	null-deref	workspace/tmux-bc/objects/strlcpy.bc	-	-	0.016
0	leak	workspace/tmux-bc/objects/strtonum.bc	-	-	0.016
0	dfree	workspace/tmux-bc/objects/strtonum.bc	-	-	0.016
0	fileck	workspace/tmux-bc/objects/strtonum.bc	-	-	0.016
0	null-deref	workspace/tmux-bc/objects/strtonum.bc	-	-	0.016
0	leak	workspace/tmux-bc/objects/style.bc	-	-	0.064
0	dfree	workspace/tmux-bc/objects/style.bc	-	-	0.064
0	fileck	workspace/tmux-bc/objects/style.bc	-	-	0.040
0	null-deref	workspace/tmux-bc/objects/style.bc	-	-	0.064
0	leak	workspace/tmux-bc/objects/tmux.bc	-	outputs/saber/tmux/workspace__tmux-bc__objects__tmux.leak.stderr.txt	0.114
0	dfree	workspace/tmux-bc/objects/tmux.bc	-	-	0.114
0	fileck	workspace/tmux-bc/objects/tmux.bc	-	-	0.064
0	null-deref	workspace/tmux-bc/objects/tmux.bc	-	outputs/saber/tmux/workspace__tmux-bc__objects__tmux.null-deref.stderr.txt	0.114
0	leak	workspace/tmux-bc/objects/tty-acs.bc	-	-	0.032
0	dfree	workspace/tmux-bc/objects/tty-acs.bc	-	-	0.032
0	fileck	workspace/tmux-bc/objects/tty-acs.bc	-	-	0.032
0	null-deref	workspace/tmux-bc/objects/tty-acs.bc	-	-	0.032
0	leak	workspace/tmux-bc/objects/tty-draw.bc	-	-	0.035
0	dfree	workspace/tmux-bc/objects/tty-draw.bc	-	-	0.032
0	fileck	workspace/tmux-bc/objects/tty-draw.bc	-	-	0.032
0	null-deref	workspace/tmux-bc/objects/tty-draw.bc	-	-	0.032
0	leak	workspace/tmux-bc/objects/tty-features.bc	-	-	0.032
0	dfree	workspace/tmux-bc/objects/tty-features.bc	-	-	0.032
0	fileck	workspace/tmux-bc/objects/tty-features.bc	-	-	0.032
0	null-deref	workspace/tmux-bc/objects/tty-features.bc	-	-	0.032
0	leak	workspace/tmux-bc/objects/tty-keys.bc	-	outputs/saber/tmux/workspace__tmux-bc__objects__tty-keys.leak.stderr.txt	0.114
0	dfree	workspace/tmux-bc/objects/tty-keys.bc	-	-	0.118
0	fileck	workspace/tmux-bc/objects/tty-keys.bc	-	-	0.114
0	null-deref	workspace/tmux-bc/objects/tty-keys.bc	-	outputs/saber/tmux/workspace__tmux-bc__objects__tty-keys.null-deref.stderr.txt	0.114
0	leak	workspace/tmux-bc/objects/tty-term.bc	-	outputs/saber/tmux/workspace__tmux-bc__objects__tty-term.leak.stderr.txt	0.114
0	dfree	workspace/tmux-bc/objects/tty-term.bc	-	outputs/saber/tmux/workspace__tmux-bc__objects__tty-term.dfree.stderr.txt	0.115
0	fileck	workspace/tmux-bc/objects/tty-term.bc	-	-	0.065
0	null-deref	workspace/tmux-bc/objects/tty-term.bc	-	outputs/saber/tmux/workspace__tmux-bc__objects__tty-term.null-deref.stderr.txt	0.114
0	leak	workspace/tmux-bc/objects/tty.bc	-	-	0.216
0	dfree	workspace/tmux-bc/objects/tty.bc	-	-	0.215
0	fileck	workspace/tmux-bc/objects/tty.bc	-	-	0.164
0	null-deref	workspace/tmux-bc/objects/tty.bc	-	-	0.164
0	leak	workspace/tmux-bc/objects/unvis.bc	-	-	0.033
0	dfree	workspace/tmux-bc/objects/unvis.bc	-	-	0.032
0	fileck	workspace/tmux-bc/objects/unvis.bc	-	-	0.032
0	null-deref	workspace/tmux-bc/objects/unvis.bc	-	-	0.032
0	leak	workspace/tmux-bc/objects/utf8-combined.bc	-	-	0.034
0	dfree	workspace/tmux-bc/objects/utf8-combined.bc	-	-	0.032
0	fileck	workspace/tmux-bc/objects/utf8-combined.bc	-	-	0.032
0	null-deref	workspace/tmux-bc/objects/utf8-combined.bc	-	-	0.032
0	leak	workspace/tmux-bc/objects/utf8.bc	-	outputs/saber/tmux/workspace__tmux-bc__objects__utf8.leak.stderr.txt	5.829
0	dfree	workspace/tmux-bc/objects/utf8.bc	-	-	5.878
0	fileck	workspace/tmux-bc/objects/utf8.bc	-	-	0.114
0	null-deref	workspace/tmux-bc/objects/utf8.bc	-	outputs/saber/tmux/workspace__tmux-bc__objects__utf8.null-deref.stderr.txt	5.879
0	leak	workspace/tmux-bc/objects/vis.bc	-	-	0.032
0	dfree	workspace/tmux-bc/objects/vis.bc	-	-	0.032
0	fileck	workspace/tmux-bc/objects/vis.bc	-	-	0.032
0	null-deref	workspace/tmux-bc/objects/vis.bc	-	-	0.032
0	leak	workspace/tmux-bc/objects/window-buffer.bc	-	outputs/saber/tmux/workspace__tmux-bc__objects__window-buffer.leak.stderr.txt	0.064
0	dfree	workspace/tmux-bc/objects/window-buffer.bc	-	outputs/saber/tmux/workspace__tmux-bc__objects__window-buffer.dfree.stderr.txt	0.064
0	fileck	workspace/tmux-bc/objects/window-buffer.bc	-	-	0.064
0	null-deref	workspace/tmux-bc/objects/window-buffer.bc	-	outputs/saber/tmux/workspace__tmux-bc__objects__window-buffer.null-deref.stderr.txt	0.075
0	leak	workspace/tmux-bc/objects/window-client.bc	-	outputs/saber/tmux/workspace__tmux-bc__objects__window-client.leak.stderr.txt	0.036
0	dfree	workspace/tmux-bc/objects/window-client.bc	-	-	0.032
0	fileck	workspace/tmux-bc/objects/window-client.bc	-	-	0.032
0	null-deref	workspace/tmux-bc/objects/window-client.bc	-	outputs/saber/tmux/workspace__tmux-bc__objects__window-client.null-deref.stderr.txt	0.032
0	leak	workspace/tmux-bc/objects/window-clock.bc	-	outputs/saber/tmux/workspace__tmux-bc__objects__window-clock.leak.stderr.txt	0.032
0	dfree	workspace/tmux-bc/objects/window-clock.bc	-	-	0.032
0	fileck	workspace/tmux-bc/objects/window-clock.bc	-	-	0.032
0	null-deref	workspace/tmux-bc/objects/window-clock.bc	-	outputs/saber/tmux/workspace__tmux-bc__objects__window-clock.null-deref.stderr.txt	0.032
0	leak	workspace/tmux-bc/objects/window-copy.bc	-	outputs/saber/tmux/workspace__tmux-bc__objects__window-copy.leak.stderr.txt	0.615
0	dfree	workspace/tmux-bc/objects/window-copy.bc	-	outputs/saber/tmux/workspace__tmux-bc__objects__window-copy.dfree.stderr.txt	0.570
0	fileck	workspace/tmux-bc/objects/window-copy.bc	-	-	0.315
0	null-deref	workspace/tmux-bc/objects/window-copy.bc	-	outputs/saber/tmux/workspace__tmux-bc__objects__window-copy.null-deref.stderr.txt	0.565
0	leak	workspace/tmux-bc/objects/window-customize.bc	-	outputs/saber/tmux/workspace__tmux-bc__objects__window-customize.leak.stderr.txt	0.168
0	dfree	workspace/tmux-bc/objects/window-customize.bc	-	outputs/saber/tmux/workspace__tmux-bc__objects__window-customize.dfree.stderr.txt	0.164
0	fileck	workspace/tmux-bc/objects/window-customize.bc	-	-	0.116
0	null-deref	workspace/tmux-bc/objects/window-customize.bc	-	outputs/saber/tmux/workspace__tmux-bc__objects__window-customize.null-deref.stderr.txt	0.164
0	leak	workspace/tmux-bc/objects/window-tree.bc	-	outputs/saber/tmux/workspace__tmux-bc__objects__window-tree.leak.stderr.txt	0.120
0	dfree	workspace/tmux-bc/objects/window-tree.bc	-	outputs/saber/tmux/workspace__tmux-bc__objects__window-tree.dfree.stderr.txt	0.122
0	fileck	workspace/tmux-bc/objects/window-tree.bc	-	-	0.114
0	null-deref	workspace/tmux-bc/objects/window-tree.bc	-	outputs/saber/tmux/workspace__tmux-bc__objects__window-tree.null-deref.stderr.txt	0.114
0	leak	workspace/tmux-bc/objects/window.bc	-	outputs/saber/tmux/workspace__tmux-bc__objects__window.leak.stderr.txt	0.265
0	dfree	workspace/tmux-bc/objects/window.bc	-	-	0.264
0	fileck	workspace/tmux-bc/objects/window.bc	-	-	0.265
0	null-deref	workspace/tmux-bc/objects/window.bc	-	outputs/saber/tmux/workspace__tmux-bc__objects__window.null-deref.stderr.txt	0.264
0	leak	workspace/tmux-bc/objects/xmalloc.bc	-	-	0.032
0	dfree	workspace/tmux-bc/objects/xmalloc.bc	-	-	0.032
0	fileck	workspace/tmux-bc/objects/xmalloc.bc	-	-	0.016
0	null-deref	workspace/tmux-bc/objects/xmalloc.bc	-	-	0.016
