function	status	bc_file
FreeWild	FOUND	workspace/vim-bc/objects/src/objects/filepath.bc
FullName_save	FOUND	workspace/vim-bc/objects/src/objects/filepath.bc
MultiByteToWideChar_alloc	NOT_FOUND	-
StringToLine	NOT_FOUND	-
VWL_FUNC_DATA_PROXY_DESTROY	NOT_FOUND	-
WideCharToMultiByte_alloc	NOT_FOUND	-
acp_to_enc	NOT_FOUND	-
add_channel	FOUND	workspace/vim-bc/objects/src/objects/channel.bc
add_classfuncs_objmethods	FOUND	workspace/vim-bc/objects/src/objects/vim9class.bc
add_members_to_class	FOUND	workspace/vim-bc/objects/src/objects/vim9class.bc
addstar	FOUND	workspace/vim-bc/objects/src/objects/cmdexpand.bc
alist_clear	FOUND	workspace/vim-bc/objects/src/objects/arglist.bc
alist_new	FOUND	workspace/vim-bc/objects/src/objects/arglist.bc
alloc	FOUND	workspace/vim-bc/objects/src/objects/alloc.bc
alloc_clear	FOUND	workspace/vim-bc/objects/src/objects/alloc.bc
alloc_clear_id	FOUND	workspace/vim-bc/objects/src/objects/alloc.bc
alloc_cmdbuff	FOUND	workspace/vim-bc/objects/src/objects/ex_getln.bc
alloc_func_type	FOUND	workspace/vim-bc/objects/src/objects/vim9type.bc
alloc_id	FOUND	workspace/vim-bc/objects/src/objects/alloc.bc
alloc_new_sign	FOUND	workspace/vim-bc/objects/src/objects/sign.bc
alloc_object	FOUND	workspace/vim-bc/objects/src/objects/vim9class.bc
alloc_printable_func_name	FOUND	workspace/vim-bc/objects/src/objects/userfunc.bc
alloc_state	FOUND	workspace/vim-bc/objects/src/objects/regexp.bc
alloc_string_tv	FOUND	workspace/vim-bc/objects/src/objects/typval.bc
alloc_tabpage	FOUND	workspace/vim-bc/objects/src/objects/window.bc
alloc_tuple_type	FOUND	workspace/vim-bc/objects/src/objects/vim9type.bc
alloc_tv	FOUND	workspace/vim-bc/objects/src/objects/typval.bc
alloc_type	FOUND	workspace/vim-bc/objects/src/objects/vim9type.bc
alloc_typebuf	FOUND	workspace/vim-bc/objects/src/objects/getchar.bc
alloc_ufunc	FOUND	workspace/vim-bc/objects/src/objects/userfunc.bc
append_generic_func_type_args	FOUND	workspace/vim-bc/objects/src/objects/vim9generics.bc
arg_all	FOUND	workspace/vim-bc/objects/src/objects/arglist.bc
au_cleanup	FOUND	workspace/vim-bc/objects/src/objects/autocmd.bc
au_event_disable	FOUND	workspace/vim-bc/objects/src/objects/autocmd.bc
au_new_group	FOUND	workspace/vim-bc/objects/src/objects/autocmd.bc
aubuflocal_remove	FOUND	workspace/vim-bc/objects/src/objects/autocmd.bc
autoload_name	FOUND	workspace/vim-bc/objects/src/objects/scriptfile.bc
backslash_halve_save	FOUND	workspace/vim-bc/objects/src/objects/charset.bc
blob_alloc	FOUND	workspace/vim-bc/objects/src/objects/blob.bc
blob_free	FOUND	workspace/vim-bc/objects/src/objects/blob.bc
blob_unref	FOUND	workspace/vim-bc/objects/src/objects/blob.bc
buf_copy_options	FOUND	workspace/vim-bc/objects/src/objects/option.bc
buf_delete_signs	FOUND	workspace/vim-bc/objects/src/objects/sign.bc
buf_delsign	FOUND	workspace/vim-bc/objects/src/objects/sign.bc
buf_freeall	FOUND	workspace/vim-bc/objects/src/objects/buffer.bc
buffer_new	NOT_FOUND	-
buflist_new	FOUND	workspace/vim-bc/objects/src/objects/buffer.bc
buflist_nr2name	FOUND	workspace/vim-bc/objects/src/objects/buffer.bc
build_argv_from_list	FOUND	workspace/vim-bc/objects/src/objects/misc2.bc
build_argv_from_string	FOUND	workspace/vim-bc/objects/src/objects/misc2.bc
build_drop_cmd	FOUND	workspace/vim-bc/objects/src/objects/clientserver.bc
channel_buffer_free	FOUND	workspace/vim-bc/objects/src/objects/channel.bc
channel_free	FOUND	workspace/vim-bc/objects/src/objects/channel.bc
channel_free_channel	FOUND	workspace/vim-bc/objects/src/objects/channel.bc
channel_free_contents	FOUND	workspace/vim-bc/objects/src/objects/channel.bc
channel_get	FOUND	workspace/vim-bc/objects/src/objects/channel.bc
channel_get_all	FOUND	workspace/vim-bc/objects/src/objects/channel.bc
channel_may_free	FOUND	workspace/vim-bc/objects/src/objects/channel.bc
channel_read_block	FOUND	workspace/vim-bc/objects/src/objects/channel.bc
channel_unref	FOUND	workspace/vim-bc/objects/src/objects/channel.bc
class_free	FOUND	workspace/vim-bc/objects/src/objects/vim9class.bc
class_free_nonref	FOUND	workspace/vim-bc/objects/src/objects/vim9class.bc
class_tv2string	FOUND	workspace/vim-bc/objects/src/objects/eval.bc
class_unref	FOUND	workspace/vim-bc/objects/src/objects/vim9class.bc
clean_listener_list	FOUND	workspace/vim-bc/objects/src/objects/change.bc
cleanup_function_call	FOUND	workspace/vim-bc/objects/src/objects/userfunc.bc
cleanup_vterm	FOUND	workspace/vim-bc/objects/src/objects/terminal.bc
clear_buf_prop_types	FOUND	workspace/vim-bc/objects/src/objects/textprop.bc
clear_cpt_callbacks	FOUND	workspace/vim-bc/objects/src/objects/insexpand.bc
clear_def_function	FOUND	workspace/vim-bc/objects/src/objects/vim9compile.bc
clear_evalarg	FOUND	workspace/vim-bc/objects/src/objects/eval.bc
clear_func_type_list	FOUND	workspace/vim-bc/objects/src/objects/vim9type.bc
clear_global_prop_types	NOT_FOUND	-
clear_ht_prop_types	FOUND	workspace/vim-bc/objects/src/objects/textprop.bc
clear_matches	FOUND	workspace/vim-bc/objects/src/objects/match.bc
clear_resize_hists	NOT_FOUND	-
clear_string_option	FOUND	workspace/vim-bc/objects/src/objects/optionstr.bc
clear_syn_state	FOUND	workspace/vim-bc/objects/src/objects/syntax.bc
clear_termoptions	FOUND	workspace/vim-bc/objects/src/objects/option.bc
clear_tv	FOUND	workspace/vim-bc/objects/src/objects/typval.bc
clear_wininfo	FOUND	workspace/vim-bc/objects/src/objects/buffer.bc
clip_free_selection	NOT_FOUND	-
clip_wl_destroy_buffer_store	NOT_FOUND	-
clip_wl_destroy_fs_surface	NOT_FOUND	-
clip_wl_init_buffer_store	NOT_FOUND	-
close_spellbuf	FOUND	workspace/vim-bc/objects/src/objects/spell.bc
cmdcomplete_type_to_str	FOUND	workspace/vim-bc/objects/src/objects/usercmd.bc
compile_free_jump_to_end	FOUND	workspace/vim-bc/objects/src/objects/vim9cmds.bc
concat_fnames	FOUND	workspace/vim-bc/objects/src/objects/filepath.bc
concat_pattern_with_buffer_match	FOUND	workspace/vim-bc/objects/src/objects/cmdexpand.bc
concat_str	FOUND	workspace/vim-bc/objects/src/objects/strings.bc
convert_input_safe	FOUND	workspace/vim-bc/objects/src/objects/mbyte.bc
convert_localized_message	NOT_FOUND	-
copy_cpt_callbacks	FOUND	workspace/vim-bc/objects/src/objects/insexpand.bc
copy_first_char_to_tv	FOUND	workspace/vim-bc/objects/src/objects/strings.bc
copy_function	FOUND	workspace/vim-bc/objects/src/objects/userfunc.bc
copy_id_list	FOUND	workspace/vim-bc/objects/src/objects/syntax.bc
copy_option_val	FOUND	workspace/vim-bc/objects/src/objects/option.bc
copy_tv	FOUND	workspace/vim-bc/objects/src/objects/typval.bc
copy_type	FOUND	workspace/vim-bc/objects/src/objects/vim9type.bc
copy_type_deep	FOUND	workspace/vim-bc/objects/src/objects/vim9type.bc
copy_type_deep_rec	FOUND	workspace/vim-bc/objects/src/objects/vim9type.bc
copy_winopt	FOUND	workspace/vim-bc/objects/src/objects/option.bc
create_funccal	FOUND	workspace/vim-bc/objects/src/objects/userfunc.bc
create_image_button	NOT_FOUND	-
create_message_dialog	NOT_FOUND	-
create_pty_only	FOUND	workspace/vim-bc/objects/src/objects/terminal.bc
create_readdirex_item	FOUND	workspace/vim-bc/objects/src/objects/fileio.bc
create_timer	FOUND	workspace/vim-bc/objects/src/objects/time.bc
create_vterm	FOUND	workspace/vim-bc/objects/src/objects/terminal.bc
crnl_to_nl	NOT_FOUND	-
crypt_create	FOUND	workspace/vim-bc/objects/src/objects/crypt.bc
crypt_create_for_writing	FOUND	workspace/vim-bc/objects/src/objects/crypt.bc
crypt_create_from_file	FOUND	workspace/vim-bc/objects/src/objects/crypt.bc
crypt_create_from_header	FOUND	workspace/vim-bc/objects/src/objects/crypt.bc
crypt_decode_alloc	FOUND	workspace/vim-bc/objects/src/objects/crypt.bc
crypt_encode_alloc	FOUND	workspace/vim-bc/objects/src/objects/crypt.bc
crypt_free_key	FOUND	workspace/vim-bc/objects/src/objects/crypt.bc
crypt_free_state	FOUND	workspace/vim-bc/objects/src/objects/crypt.bc
crypt_get_key	FOUND	workspace/vim-bc/objects/src/objects/crypt.bc
cs_create_cmd	FOUND	workspace/vim-bc/objects/src/objects/if_cscope.bc
cs_free_tags	FOUND	workspace/vim-bc/objects/src/objects/if_cscope.bc
cs_make_vim_style_matches	FOUND	workspace/vim-bc/objects/src/objects/if_cscope.bc
cs_release_csp	FOUND	workspace/vim-bc/objects/src/objects/if_cscope.bc
dealloc_cmdbuff	FOUND	workspace/vim-bc/objects/src/objects/ex_getln.bc
default_free	FOUND	workspace/vim-bc/objects/src/objects/vterm_vterm.bc
default_malloc	FOUND	workspace/vim-bc/objects/src/objects/vterm_vterm.bc
define_function	FOUND	workspace/vim-bc/objects/src/objects/userfunc.bc
delete_buff_tail	FOUND	workspace/vim-bc/objects/src/objects/getchar.bc
delete_def_function_contents	FOUND	workspace/vim-bc/objects/src/objects/vim9compile.bc
delete_first_msg	FOUND	workspace/vim-bc/objects/src/objects/message.bc
delete_instr	FOUND	workspace/vim-bc/objects/src/objects/vim9instr.bc
delete_sound_callback	NOT_FOUND	-
delete_timer	FOUND	workspace/vim-bc/objects/src/objects/os_unix.bc
delete_var	FOUND	workspace/vim-bc/objects/src/objects/evalvars.bc
deref_function_name	FOUND	workspace/vim-bc/objects/src/objects/eval.bc
dict2string	FOUND	workspace/vim-bc/objects/src/objects/dict.bc
dict_alloc	FOUND	workspace/vim-bc/objects/src/objects/dict.bc
dict_alloc_id	FOUND	workspace/vim-bc/objects/src/objects/dict.bc
dict_alloc_lock	FOUND	workspace/vim-bc/objects/src/objects/dict.bc
dict_copy	FOUND	workspace/vim-bc/objects/src/objects/dict.bc
dict_free	FOUND	workspace/vim-bc/objects/src/objects/dict.bc
dict_free_contents	FOUND	workspace/vim-bc/objects/src/objects/dict.bc
dict_free_dict	FOUND	workspace/vim-bc/objects/src/objects/dict.bc
dict_get_string	FOUND	workspace/vim-bc/objects/src/objects/dict.bc
dict_get_tv	FOUND	workspace/vim-bc/objects/src/objects/dict.bc
dict_tv2string	FOUND	workspace/vim-bc/objects/src/objects/eval.bc
dict_unref	FOUND	workspace/vim-bc/objects/src/objects/dict.bc
dictitem_alloc	FOUND	workspace/vim-bc/objects/src/objects/dict.bc
dictitem_copy	FOUND	workspace/vim-bc/objects/src/objects/dict.bc
dictitem_free	FOUND	workspace/vim-bc/objects/src/objects/dict.bc
diff_alloc_new	FOUND	workspace/vim-bc/objects/src/objects/diff.bc
discard_pending_return	FOUND	workspace/vim-bc/objects/src/objects/userfunc.bc
do_browse	NOT_FOUND	-
do_insert_char_pre	FOUND	workspace/vim-bc/objects/src/objects/edit.bc
do_string_sub	FOUND	workspace/vim-bc/objects/src/objects/eval.bc
echo_string	FOUND	workspace/vim-bc/objects/src/objects/eval.bc
echo_string_core	FOUND	workspace/vim-bc/objects/src/objects/eval.bc
emacs_tags_incstack_free	FOUND	workspace/vim-bc/objects/src/objects/tag.bc
enc_canonize	FOUND	workspace/vim-bc/objects/src/objects/mbyte.bc
enc_locale	FOUND	workspace/vim-bc/objects/src/objects/mbyte.bc
enc_locale_env	FOUND	workspace/vim-bc/objects/src/objects/mbyte.bc
enc_to_acp	NOT_FOUND	-
enc_to_utf16	NOT_FOUND	-
escape_fname	FOUND	workspace/vim-bc/objects/src/objects/ex_getln.bc
eval_all_expr_in_str	FOUND	workspace/vim-bc/objects/src/objects/evalvars.bc
eval_dict	FOUND	workspace/vim-bc/objects/src/objects/dict.bc
eval_expr_get_funccal	FOUND	workspace/vim-bc/objects/src/objects/eval.bc
eval_list	FOUND	workspace/vim-bc/objects/src/objects/list.bc
eval_lit_string	FOUND	workspace/vim-bc/objects/src/objects/typval.bc
eval_number	FOUND	workspace/vim-bc/objects/src/objects/typval.bc
eval_soundfold	FOUND	workspace/vim-bc/objects/src/objects/spell.bc
eval_to_string_eap	FOUND	workspace/vim-bc/objects/src/objects/eval.bc
eval_to_string_skip	FOUND	workspace/vim-bc/objects/src/objects/eval.bc
eval_tuple	FOUND	workspace/vim-bc/objects/src/objects/tuple.bc
eval_vars	FOUND	workspace/vim-bc/objects/src/objects/ex_docmd.bc
evalvars_clear	NOT_FOUND	-
exarg_getline	FOUND	workspace/vim-bc/objects/src/objects/vim9compile.bc
executable_exists	NOT_FOUND	-
executable_file	FOUND	workspace/vim-bc/objects/src/objects/os_unix.bc
expand_sfile	FOUND	workspace/vim-bc/objects/src/objects/ex_docmd.bc
expand_tag_fname	FOUND	workspace/vim-bc/objects/src/objects/tag.bc
f_prop_type_delete	FOUND	workspace/vim-bc/objects/src/objects/textprop.bc
ff_create_stack_element	FOUND	workspace/vim-bc/objects/src/objects/findfile.bc
ff_free_stack_element	FOUND	workspace/vim-bc/objects/src/objects/findfile.bc
ff_free_visited_list	FOUND	workspace/vim-bc/objects/src/objects/findfile.bc
ff_get_visited_list	FOUND	workspace/vim-bc/objects/src/objects/findfile.bc
file_pat_to_reg_pat	FOUND	workspace/vim-bc/objects/src/objects/fileio.bc
find_var_autoload_prefix	FOUND	workspace/vim-bc/objects/src/objects/evalvars.bc
find_word_under_cursor	FOUND	workspace/vim-bc/objects/src/objects/beval.bc
findoldfile	NOT_FOUND	-
findswapname	FOUND	workspace/vim-bc/objects/src/objects/memline.bc
findtags_copy_matches	FOUND	workspace/vim-bc/objects/src/objects/tag.bc
findtags_state_free	FOUND	workspace/vim-bc/objects/src/objects/tag.bc
fix_fname	FOUND	workspace/vim-bc/objects/src/objects/buffer.bc
fm_getname	FOUND	workspace/vim-bc/objects/src/objects/mark.bc
fname_expand	FOUND	workspace/vim-bc/objects/src/objects/buffer.bc
fname_trans_sid	FOUND	workspace/vim-bc/objects/src/objects/userfunc.bc
free_all_autocmds	NOT_FOUND	-
free_all_functions	NOT_FOUND	-
free_all_marks	NOT_FOUND	-
free_all_mem	NOT_FOUND	-
free_all_options	NOT_FOUND	-
free_all_resize_hist	NOT_FOUND	-
free_all_script_vars	FOUND	workspace/vim-bc/objects/src/objects/vim9script.bc
free_array	NOT_FOUND	-
free_arshape_buf	NOT_FOUND	-
free_blocks	FOUND	workspace/vim-bc/objects/src/objects/spellfile.bc
free_buf_options	FOUND	workspace/vim-bc/objects/src/objects/buffer.bc
free_buff	FOUND	workspace/vim-bc/objects/src/objects/getchar.bc
free_buffer	FOUND	workspace/vim-bc/objects/src/objects/buffer.bc
free_buffer_stuff	FOUND	workspace/vim-bc/objects/src/objects/buffer.bc
free_callback	FOUND	workspace/vim-bc/objects/src/objects/evalvars.bc
free_cmdlines	FOUND	workspace/vim-bc/objects/src/objects/ex_docmd.bc
free_def_functions	NOT_FOUND	-
free_efm_list	FOUND	workspace/vim-bc/objects/src/objects/quickfix.bc
free_eval_tofree_later	FOUND	workspace/vim-bc/objects/src/objects/eval.bc
free_findfunc_option	NOT_FOUND	-
free_for_info	FOUND	workspace/vim-bc/objects/src/objects/eval.bc
free_funccal	FOUND	workspace/vim-bc/objects/src/objects/userfunc.bc
free_funccal_contents	FOUND	workspace/vim-bc/objects/src/objects/userfunc.bc
free_generic_functab	FOUND	workspace/vim-bc/objects/src/objects/vim9generics.bc
free_global_msglist	FOUND	workspace/vim-bc/objects/src/objects/ex_eval.bc
free_highlight	NOT_FOUND	-
free_highlight_fonts	NOT_FOUND	-
free_homedir	NOT_FOUND	-
free_imports_and_script_vars	FOUND	workspace/vim-bc/objects/src/objects/vim9script.bc
free_index	FOUND	workspace/vim-bc/objects/src/objects/xhistogram.bc
free_insexpand_stuff	NOT_FOUND	-
free_job_options	FOUND	workspace/vim-bc/objects/src/objects/job.bc
free_jobs_to_free_later	FOUND	workspace/vim-bc/objects/src/objects/job.bc
free_jumplist	FOUND	workspace/vim-bc/objects/src/objects/mark.bc
free_locales	NOT_FOUND	-
free_locals	FOUND	workspace/vim-bc/objects/src/objects/vim9cmds.bc
free_lval_root	FOUND	workspace/vim-bc/objects/src/objects/evalfunc.bc
free_menu	FOUND	workspace/vim-bc/objects/src/objects/menu.bc
free_menu_string	FOUND	workspace/vim-bc/objects/src/objects/menu.bc
free_msglist	FOUND	workspace/vim-bc/objects/src/objects/ex_eval.bc
free_old_sub	NOT_FOUND	-
free_one_termoption	FOUND	workspace/vim-bc/objects/src/objects/option.bc
free_operatorfunc_option	NOT_FOUND	-
free_prev_shellcmd	NOT_FOUND	-
free_quickfix	NOT_FOUND	-
free_regexp_stuff	NOT_FOUND	-
free_register	NOT_FOUND	-
free_scriptnames	NOT_FOUND	-
free_scrollback	FOUND	workspace/vim-bc/objects/src/objects/terminal.bc
free_set_callback	FOUND	workspace/vim-bc/objects/src/objects/channel.bc
free_signs	FOUND	workspace/vim-bc/objects/src/objects/sign.bc
free_string_option	FOUND	workspace/vim-bc/objects/src/objects/optionstr.bc
free_tabpage	FOUND	workspace/vim-bc/objects/src/objects/window.bc
free_tagfunc_option	NOT_FOUND	-
free_terminal	FOUND	workspace/vim-bc/objects/src/objects/terminal.bc
free_termoptions	FOUND	workspace/vim-bc/objects/src/objects/option.bc
free_timer	FOUND	workspace/vim-bc/objects/src/objects/time.bc
free_titles	NOT_FOUND	-
free_tv	FOUND	workspace/vim-bc/objects/src/objects/typval.bc
free_type	FOUND	workspace/vim-bc/objects/src/objects/vim9type.bc
free_typebuf	FOUND	workspace/vim-bc/objects/src/objects/getchar.bc
free_unref_funccal	FOUND	workspace/vim-bc/objects/src/objects/userfunc.bc
free_unref_items	FOUND	workspace/vim-bc/objects/src/objects/gc.bc
free_unused_channels	FOUND	workspace/vim-bc/objects/src/objects/channel.bc
free_unused_channels_contents	FOUND	workspace/vim-bc/objects/src/objects/channel.bc
free_unused_jobs	FOUND	workspace/vim-bc/objects/src/objects/job.bc
free_unused_jobs_contents	FOUND	workspace/vim-bc/objects/src/objects/job.bc
free_username	NOT_FOUND	-
free_vbuf	NOT_FOUND	-
free_wininfo	FOUND	workspace/vim-bc/objects/src/objects/buffer.bc
free_wordnode	FOUND	workspace/vim-bc/objects/src/objects/spellfile.bc
free_xim_stuff	NOT_FOUND	-
free_yank	FOUND	workspace/vim-bc/objects/src/objects/register.bc
free_yank_all	FOUND	workspace/vim-bc/objects/src/objects/register.bc
func_clear	FOUND	workspace/vim-bc/objects/src/objects/userfunc.bc
func_clear_free	FOUND	workspace/vim-bc/objects/src/objects/userfunc.bc
func_free	FOUND	workspace/vim-bc/objects/src/objects/userfunc.bc
func_ptr_unref	FOUND	workspace/vim-bc/objects/src/objects/userfunc.bc
func_tv2string	FOUND	workspace/vim-bc/objects/src/objects/eval.bc
func_unref	FOUND	workspace/vim-bc/objects/src/objects/userfunc.bc
funccal_unref	FOUND	workspace/vim-bc/objects/src/objects/userfunc.bc
fuzmatch_str_free	FOUND	workspace/vim-bc/objects/src/objects/fuzzy.bc
fuzzymatches_to_strmatches	FOUND	workspace/vim-bc/objects/src/objects/fuzzy.bc
ga_clear	FOUND	workspace/vim-bc/objects/src/objects/alloc.bc
ga_concat_strings	FOUND	workspace/vim-bc/objects/src/objects/alloc.bc
generic_func_args_table_clear	FOUND	workspace/vim-bc/objects/src/objects/vim9generics.bc
generic_func_clear_items	FOUND	workspace/vim-bc/objects/src/objects/vim9generics.bc
getConnInfo	FOUND	workspace/vim-bc/objects/src/objects/netbeans.bc
get_autoload_prefix	FOUND	workspace/vim-bc/objects/src/objects/scriptfile.bc
get_cmd_argsW	NOT_FOUND	-
get_cmd_output	FOUND	workspace/vim-bc/objects/src/objects/misc1.bc
get_cmdline_str	FOUND	workspace/vim-bc/objects/src/objects/ex_getln.bc
get_emsg_lnum	FOUND	workspace/vim-bc/objects/src/objects/message.bc
get_emsg_source	FOUND	workspace/vim-bc/objects/src/objects/message.bc
get_expr_line	FOUND	workspace/vim-bc/objects/src/objects/register.bc
get_fib	NOT_FOUND	-
get_file_in_dir	FOUND	workspace/vim-bc/objects/src/objects/memline.bc
get_find_dialog_text	NOT_FOUND	-
get_foldtext	FOUND	workspace/vim-bc/objects/src/objects/fold.bc
get_func_line	FOUND	workspace/vim-bc/objects/src/objects/userfunc.bc
get_generic_func_name	FOUND	workspace/vim-bc/objects/src/objects/vim9generics.bc
get_isolated_shell_name	FOUND	workspace/vim-bc/objects/src/objects/misc1.bc
get_last_insert_save	FOUND	workspace/vim-bc/objects/src/objects/edit.bc
get_list_line	FOUND	workspace/vim-bc/objects/src/objects/evalfunc.bc
get_literal_key	FOUND	workspace/vim-bc/objects/src/objects/dict.bc
get_mef_name	FOUND	workspace/vim-bc/objects/src/objects/quickfix.bc
get_name_len	FOUND	workspace/vim-bc/objects/src/objects/eval.bc
get_option_value	FOUND	workspace/vim-bc/objects/src/objects/option.bc
get_prop_ids_from_list	FOUND	workspace/vim-bc/objects/src/objects/textprop.bc
get_prop_types_from_names	FOUND	workspace/vim-bc/objects/src/objects/textprop.bc
get_register	FOUND	workspace/vim-bc/objects/src/objects/register.bc
get_return_cmd	FOUND	workspace/vim-bc/objects/src/objects/userfunc.bc
get_scriptlocal_funcname	FOUND	workspace/vim-bc/objects/src/objects/userfunc.bc
get_separator	FOUND	workspace/vim-bc/objects/src/objects/terminal.bc
get_short_pathname	NOT_FOUND	-
get_str_line	NOT_FOUND	-
get_toolbar_pixmap	NOT_FOUND	-
get_type_ptr	FOUND	workspace/vim-bc/objects/src/objects/vim9type.bc
get_wordnode	FOUND	workspace/vim-bc/objects/src/objects/spellfile.bc
getexmodeline	FOUND	workspace/vim-bc/objects/src/objects/ex_getln.bc
getnextac	FOUND	workspace/vim-bc/objects/src/objects/autocmd.bc
getroom	FOUND	workspace/vim-bc/objects/src/objects/spellfile.bc
getroom_save	FOUND	workspace/vim-bc/objects/src/objects/spellfile.bc
getsourceline	FOUND	workspace/vim-bc/objects/src/objects/scriptfile.bc
gui_destroy_tearoffs_recurse	NOT_FOUND	-
gui_handle_drop	NOT_FOUND	-
gui_mch_browse	NOT_FOUND	-
gui_mch_browsedir	NOT_FOUND	-
gui_mch_create_beval_area	NOT_FOUND	-
gui_mch_destroy_beval_area	NOT_FOUND	-
gui_mch_destroy_menu	NOT_FOUND	-
gui_mch_destroy_sign	NOT_FOUND	-
gui_mch_font_dialog	NOT_FOUND	-
gui_mch_free_all	NOT_FOUND	-
gui_mch_free_font	NOT_FOUND	-
gui_mch_free_fontset	NOT_FOUND	-
gui_mch_get_fontname	NOT_FOUND	-
gui_ph_toolbar_load_icon	NOT_FOUND	-
handle_drop	NOT_FOUND	-
hash_create	NOT_FOUND	-
hashtab_free_contents	FOUND	workspace/vim-bc/objects/src/objects/dict.bc
home_replace_save	FOUND	workspace/vim-bc/objects/src/objects/filepath.bc
iconv_string	FOUND	workspace/vim-bc/objects/src/objects/mbyte.bc
ins_compl_add_matches	FOUND	workspace/vim-bc/objects/src/objects/insexpand.bc
ins_compl_dict_alloc	FOUND	workspace/vim-bc/objects/src/objects/insexpand.bc
ins_compl_free	FOUND	workspace/vim-bc/objects/src/objects/insexpand.bc
ins_compl_infercase_gettext	FOUND	workspace/vim-bc/objects/src/objects/insexpand.bc
ins_compl_item_free	FOUND	workspace/vim-bc/objects/src/objects/insexpand.bc
job_alloc	FOUND	workspace/vim-bc/objects/src/objects/job.bc
job_free	FOUND	workspace/vim-bc/objects/src/objects/job.bc
job_free_all	NOT_FOUND	-
job_free_contents	FOUND	workspace/vim-bc/objects/src/objects/job.bc
job_free_job	FOUND	workspace/vim-bc/objects/src/objects/job.bc
job_start	FOUND	workspace/vim-bc/objects/src/objects/job.bc
job_unref	FOUND	workspace/vim-bc/objects/src/objects/job.bc
lalloc	FOUND	workspace/vim-bc/objects/src/objects/alloc.bc
lalloc_clear	FOUND	workspace/vim-bc/objects/src/objects/alloc.bc
linematch_nbuffers	FOUND	workspace/vim-bc/objects/src/objects/linematch.bc
list2string	FOUND	workspace/vim-bc/objects/src/objects/list.bc
list_alloc	FOUND	workspace/vim-bc/objects/src/objects/list.bc
list_alloc_id	FOUND	workspace/vim-bc/objects/src/objects/list.bc
list_alloc_with_items	FOUND	workspace/vim-bc/objects/src/objects/list.bc
list_copy	FOUND	workspace/vim-bc/objects/src/objects/list.bc
list_free	FOUND	workspace/vim-bc/objects/src/objects/list.bc
list_free_contents	FOUND	workspace/vim-bc/objects/src/objects/list.bc
list_free_item	FOUND	workspace/vim-bc/objects/src/objects/list.bc
list_free_items	FOUND	workspace/vim-bc/objects/src/objects/list.bc
list_free_list	FOUND	workspace/vim-bc/objects/src/objects/list.bc
list_free_nonref	FOUND	workspace/vim-bc/objects/src/objects/list.bc
list_tv2string	FOUND	workspace/vim-bc/objects/src/objects/eval.bc
list_unref	FOUND	workspace/vim-bc/objects/src/objects/list.bc
listitem_alloc	FOUND	workspace/vim-bc/objects/src/objects/list.bc
listitem_free	FOUND	workspace/vim-bc/objects/src/objects/list.bc
ll_free_all	FOUND	workspace/vim-bc/objects/src/objects/quickfix.bc
ll_get_or_alloc_list	FOUND	workspace/vim-bc/objects/src/objects/quickfix.bc
load_dummy_buffer	FOUND	workspace/vim-bc/objects/src/objects/quickfix.bc
luaV_call_lua_func_free	NOT_FOUND	-
luaV_free	NOT_FOUND	-
mac_string_convert	NOT_FOUND	-
make_expanded_name	FOUND	workspace/vim-bc/objects/src/objects/eval.bc
make_extmatch	FOUND	workspace/vim-bc/objects/src/objects/regexp.bc
make_filter_cmd	FOUND	workspace/vim-bc/objects/src/objects/ex_cmds.bc
make_get_fullcmd	FOUND	workspace/vim-bc/objects/src/objects/quickfix.bc
make_partial	FOUND	workspace/vim-bc/objects/src/objects/userfunc.bc
make_percent_swname	FOUND	workspace/vim-bc/objects/src/objects/memline.bc
make_snapshot_rec	FOUND	workspace/vim-bc/objects/src/objects/window.bc
make_win_info_dict	FOUND	workspace/vim-bc/objects/src/objects/window.bc
makeswapname	FOUND	workspace/vim-bc/objects/src/objects/memline.bc
map_free	FOUND	workspace/vim-bc/objects/src/objects/map.bc
mark_line	FOUND	workspace/vim-bc/objects/src/objects/mark.bc
match_delete	FOUND	workspace/vim-bc/objects/src/objects/match.bc
may_get_cmd_block	FOUND	workspace/vim-bc/objects/src/objects/usercmd.bc
may_prefix_autoload	FOUND	workspace/vim-bc/objects/src/objects/scriptfile.bc
mb_str2wide	FOUND	workspace/vim-bc/objects/src/objects/spellfile.bc
mch_can_exe	FOUND	workspace/vim-bc/objects/src/objects/os_unix.bc
mch_create_pty_channel	FOUND	workspace/vim-bc/objects/src/objects/os_unix.bc
mch_expand_wildcards	FOUND	workspace/vim-bc/objects/src/objects/os_unix.bc
mch_free_acl	FOUND	workspace/vim-bc/objects/src/objects/os_unix.bc
mch_free_mem	NOT_FOUND	-
mch_get_acl	FOUND	workspace/vim-bc/objects/src/objects/os_unix.bc
mch_get_cmd_output_direct	FOUND	workspace/vim-bc/objects/src/objects/os_unix.bc
mch_getenv	NOT_FOUND	-
mch_libcall	FOUND	workspace/vim-bc/objects/src/objects/os_unix.bc
mch_parse_cmd	FOUND	workspace/vim-bc/objects/src/objects/misc2.bc
mem_realloc	NOT_FOUND	-
menu_text	FOUND	workspace/vim-bc/objects/src/objects/menu.bc
method_tv2string	FOUND	workspace/vim-bc/objects/src/objects/eval.bc
mf_alloc_bhdr	FOUND	workspace/vim-bc/objects/src/objects/memfile.bc
mf_close	FOUND	workspace/vim-bc/objects/src/objects/memfile.bc
mf_free	FOUND	workspace/vim-bc/objects/src/objects/memfile.bc
mf_free_bhdr	FOUND	workspace/vim-bc/objects/src/objects/memfile.bc
mf_hash_free	FOUND	workspace/vim-bc/objects/src/objects/memfile.bc
mf_hash_free_all	FOUND	workspace/vim-bc/objects/src/objects/memfile.bc
mf_new	FOUND	workspace/vim-bc/objects/src/objects/memfile.bc
mf_open	FOUND	workspace/vim-bc/objects/src/objects/memfile.bc
mf_release	FOUND	workspace/vim-bc/objects/src/objects/memfile.bc
mf_release_all	FOUND	workspace/vim-bc/objects/src/objects/memfile.bc
mf_rem_free	FOUND	workspace/vim-bc/objects/src/objects/memfile.bc
ml_close	FOUND	workspace/vim-bc/objects/src/objects/memline.bc
ml_close_all	FOUND	workspace/vim-bc/objects/src/objects/memline.bc
ml_crypt_prepare	FOUND	workspace/vim-bc/objects/src/objects/memline.bc
ml_delete	FOUND	workspace/vim-bc/objects/src/objects/memline.bc
ml_delete_flags	FOUND	workspace/vim-bc/objects/src/objects/memline.bc
ml_delete_int	FOUND	workspace/vim-bc/objects/src/objects/memline.bc
ml_encrypt_data	FOUND	workspace/vim-bc/objects/src/objects/memline.bc
ml_new_data	FOUND	workspace/vim-bc/objects/src/objects/memline.bc
ml_new_ptr	FOUND	workspace/vim-bc/objects/src/objects/memline.bc
msg_strtrunc	FOUND	workspace/vim-bc/objects/src/objects/message.bc
mzscheme_buffer_free	NOT_FOUND	-
nb_free	FOUND	workspace/vim-bc/objects/src/objects/netbeans.bc
nb_unquote	FOUND	workspace/vim-bc/objects/src/objects/netbeans.bc
new_frame	FOUND	workspace/vim-bc/objects/src/objects/window.bc
new_scope	FOUND	workspace/vim-bc/objects/src/objects/vim9cmds.bc
new_script_vars	FOUND	workspace/vim-bc/objects/src/objects/evalvars.bc
next_fenc	FOUND	workspace/vim-bc/objects/src/objects/fileio.bc
nfa_get_match_text	FOUND	workspace/vim-bc/objects/src/objects/regexp.bc
nfa_regcomp	FOUND	workspace/vim-bc/objects/src/objects/regexp.bc
normalize_encoding_name	FOUND	workspace/vim-bc/objects/src/objects/strings.bc
obj_method_to_partial_tv	FOUND	workspace/vim-bc/objects/src/objects/vim9class.bc
object2string	FOUND	workspace/vim-bc/objects/src/objects/vim9class.bc
object_free	FOUND	workspace/vim-bc/objects/src/objects/vim9class.bc
object_free_contents	FOUND	workspace/vim-bc/objects/src/objects/vim9class.bc
object_free_items	FOUND	workspace/vim-bc/objects/src/objects/vim9class.bc
object_free_nonref	FOUND	workspace/vim-bc/objects/src/objects/vim9class.bc
object_free_object	FOUND	workspace/vim-bc/objects/src/objects/vim9class.bc
object_tv2string	FOUND	workspace/vim-bc/objects/src/objects/eval.bc
object_unref	FOUND	workspace/vim-bc/objects/src/objects/vim9class.bc
open_pty	FOUND	workspace/vim-bc/objects/src/objects/os_unix.bc
open_spellbuf	FOUND	workspace/vim-bc/objects/src/objects/spell.bc
parse_compl_arg	FOUND	workspace/vim-bc/objects/src/objects/usercmd.bc
parse_generic_func_type_args	FOUND	workspace/vim-bc/objects/src/objects/vim9generics.bc
partial_free	FOUND	workspace/vim-bc/objects/src/objects/eval.bc
partial_tv2string	FOUND	workspace/vim-bc/objects/src/objects/eval.bc
partial_unref	FOUND	workspace/vim-bc/objects/src/objects/eval.bc
popup_close_and_callback	FOUND	workspace/vim-bc/objects/src/objects/popupwin.bc
popup_create	FOUND	workspace/vim-bc/objects/src/objects/popupwin.bc
popup_create_preview_window	FOUND	workspace/vim-bc/objects/src/objects/popupwin.bc
popup_free	FOUND	workspace/vim-bc/objects/src/objects/popupwin.bc
popup_mode_name	FOUND	workspace/vim-bc/objects/src/objects/menu.bc
py3_get_system_libname	NOT_FOUND	-
py_dict_alloc	NOT_FOUND	-
py_list_alloc	NOT_FOUND	-
py_tuple_alloc	NOT_FOUND	-
python3_buffer_free	NOT_FOUND	-
python_buffer_free	NOT_FOUND	-
qf_alloc_fields	FOUND	workspace/vim-bc/objects/src/objects/quickfix.bc
qf_alloc_list_stack	FOUND	workspace/vim-bc/objects/src/objects/quickfix.bc
qf_alloc_stack	FOUND	workspace/vim-bc/objects/src/objects/quickfix.bc
qf_clean_dir_stack	FOUND	workspace/vim-bc/objects/src/objects/quickfix.bc
qf_cmd_get_or_alloc_stack	FOUND	workspace/vim-bc/objects/src/objects/quickfix.bc
qf_free	FOUND	workspace/vim-bc/objects/src/objects/quickfix.bc
qf_free_all	FOUND	workspace/vim-bc/objects/src/objects/quickfix.bc
qf_free_fields	FOUND	workspace/vim-bc/objects/src/objects/quickfix.bc
qf_free_items	FOUND	workspace/vim-bc/objects/src/objects/quickfix.bc
qf_free_list_stack_items	FOUND	workspace/vim-bc/objects/src/objects/quickfix.bc
qf_free_lists	FOUND	workspace/vim-bc/objects/src/objects/quickfix.bc
qf_free_stack	FOUND	workspace/vim-bc/objects/src/objects/quickfix.bc
qf_pop_dir	FOUND	workspace/vim-bc/objects/src/objects/quickfix.bc
read_cnt_string	FOUND	workspace/vim-bc/objects/src/objects/spellfile.bc
read_string	FOUND	workspace/vim-bc/objects/src/objects/misc2.bc
read_string_decrypt	FOUND	workspace/vim-bc/objects/src/objects/undo.bc
readfile_charconvert	FOUND	workspace/vim-bc/objects/src/objects/fileio.bc
realloc_cmdbuff	FOUND	workspace/vim-bc/objects/src/objects/ex_getln.bc
redraw_listener_free	FOUND	workspace/vim-bc/objects/src/objects/drawscreen.bc
reg_submatch	FOUND	workspace/vim-bc/objects/src/objects/regexp.bc
reg_submatch_list	FOUND	workspace/vim-bc/objects/src/objects/regexp.bc
repl_cmdline	FOUND	workspace/vim-bc/objects/src/objects/ex_docmd.bc
replace_makeprg	FOUND	workspace/vim-bc/objects/src/objects/ex_docmd.bc
replace_termcodes	FOUND	workspace/vim-bc/objects/src/objects/term.bc
reserve_local	FOUND	workspace/vim-bc/objects/src/objects/vim9compile.bc
resolve_shortcut	NOT_FOUND	-
restore_gettext_codeset	NOT_FOUND	-
rettv_blob_alloc	FOUND	workspace/vim-bc/objects/src/objects/blob.bc
rettv_dict_alloc	FOUND	workspace/vim-bc/objects/src/objects/dict.bc
rettv_list_alloc	FOUND	workspace/vim-bc/objects/src/objects/list.bc
rettv_list_alloc_id	FOUND	workspace/vim-bc/objects/src/objects/list.bc
rettv_tuple_alloc	FOUND	workspace/vim-bc/objects/src/objects/tuple.bc
rettv_tuple_set_with_items	FOUND	workspace/vim-bc/objects/src/objects/tuple.bc
reverse_text	FOUND	workspace/vim-bc/objects/src/objects/strings.bc
ruby_buffer_free	NOT_FOUND	-
save_function_name	FOUND	workspace/vim-bc/objects/src/objects/userfunc.bc
screen_new	FOUND	workspace/vim-bc/objects/src/objects/vterm_screen.bc
searchpath_save	NOT_FOUND	-
serverMakeName	FOUND	workspace/vim-bc/objects/src/objects/clientserver.bc
serverReadReply	NOT_FOUND	-
shortpath_for_invalid_fname	NOT_FOUND	-
skip_regexp_ex	FOUND	workspace/vim-bc/objects/src/objects/regexp.bc
slang_alloc	FOUND	workspace/vim-bc/objects/src/objects/spell.bc
slang_free	FOUND	workspace/vim-bc/objects/src/objects/spell.bc
socket_server_free_cmd	FOUND	workspace/vim-bc/objects/src/objects/os_unix.bc
sound_free	NOT_FOUND	-
spell_delete_wordlist	FOUND	workspace/vim-bc/objects/src/objects/spell.bc
spell_find_cleanup	FOUND	workspace/vim-bc/objects/src/objects/spellsuggest.bc
spell_free_aff	FOUND	workspace/vim-bc/objects/src/objects/spellfile.bc
spell_free_all	FOUND	workspace/vim-bc/objects/src/objects/spell.bc
spell_load_file	FOUND	workspace/vim-bc/objects/src/objects/spellfile.bc
spell_read_tree	FOUND	workspace/vim-bc/objects/src/objects/spellfile.bc
split_button_string	NOT_FOUND	-
stacktrace_create	FOUND	workspace/vim-bc/objects/src/objects/scriptfile.bc
str_foldcase	FOUND	workspace/vim-bc/objects/src/objects/charset.bc
string_convert	FOUND	workspace/vim-bc/objects/src/objects/mbyte.bc
string_convert_ext	FOUND	workspace/vim-bc/objects/src/objects/mbyte.bc
string_from_blob	FOUND	workspace/vim-bc/objects/src/objects/strings.bc
string_to_line	NOT_FOUND	-
string_tv2string	FOUND	workspace/vim-bc/objects/src/objects/eval.bc
strlow_save	FOUND	workspace/vim-bc/objects/src/objects/strings.bc
stropt_copy_value	FOUND	workspace/vim-bc/objects/src/objects/option.bc
stropt_get_newval	FOUND	workspace/vim-bc/objects/src/objects/option.bc
strup_save	FOUND	workspace/vim-bc/objects/src/objects/strings.bc
syn_clear_cluster	FOUND	workspace/vim-bc/objects/src/objects/syntax.bc
syn_clear_pattern	FOUND	workspace/vim-bc/objects/src/objects/syntax.bc
syn_combine_list	FOUND	workspace/vim-bc/objects/src/objects/syntax.bc
syn_stack_cleanup	FOUND	workspace/vim-bc/objects/src/objects/syntax.bc
syn_stack_free_all	FOUND	workspace/vim-bc/objects/src/objects/syntax.bc
syn_stack_free_block	FOUND	workspace/vim-bc/objects/src/objects/syntax.bc
syn_stack_free_entry	FOUND	workspace/vim-bc/objects/src/objects/syntax.bc
tabstop_copy	FOUND	workspace/vim-bc/objects/src/objects/indent.bc
tabstop_set	FOUND	workspace/vim-bc/objects/src/objects/indent.bc
tag_full_fname	FOUND	workspace/vim-bc/objects/src/objects/tag.bc
tagname_free	FOUND	workspace/vim-bc/objects/src/objects/tag.bc
tcl_buffer_free	NOT_FOUND	-
term_free_conpty	NOT_FOUND	-
term_free_vterm	FOUND	workspace/vim-bc/objects/src/objects/terminal.bc
term_start	FOUND	workspace/vim-bc/objects/src/objects/terminal.bc
timer_free_all	NOT_FOUND	-
translate_mapping	FOUND	workspace/vim-bc/objects/src/objects/map.bc
transstr	FOUND	workspace/vim-bc/objects/src/objects/charset.bc
tuple2string	FOUND	workspace/vim-bc/objects/src/objects/tuple.bc
tuple_alloc	FOUND	workspace/vim-bc/objects/src/objects/tuple.bc
tuple_alloc_with_items	FOUND	workspace/vim-bc/objects/src/objects/tuple.bc
tuple_copy	FOUND	workspace/vim-bc/objects/src/objects/tuple.bc
tuple_free	FOUND	workspace/vim-bc/objects/src/objects/tuple.bc
tuple_free_contents	FOUND	workspace/vim-bc/objects/src/objects/tuple.bc
tuple_free_items	FOUND	workspace/vim-bc/objects/src/objects/tuple.bc
tuple_free_list	FOUND	workspace/vim-bc/objects/src/objects/tuple.bc
tuple_free_nonref	FOUND	workspace/vim-bc/objects/src/objects/tuple.bc
tuple_tv2string	FOUND	workspace/vim-bc/objects/src/objects/eval.bc
tuple_unref	FOUND	workspace/vim-bc/objects/src/objects/tuple.bc
tv2string	FOUND	workspace/vim-bc/objects/src/objects/typval.bc
typealias_free	FOUND	workspace/vim-bc/objects/src/objects/vim9class.bc
typval2string	FOUND	workspace/vim-bc/objects/src/objects/eval.bc
typval_tostring	FOUND	workspace/vim-bc/objects/src/objects/typval.bc
u_blockfree	FOUND	workspace/vim-bc/objects/src/objects/undo.bc
u_clearallandblockfree	FOUND	workspace/vim-bc/objects/src/objects/undo.bc
u_free_uhp	FOUND	workspace/vim-bc/objects/src/objects/undo.bc
u_freebranch	FOUND	workspace/vim-bc/objects/src/objects/undo.bc
u_freeentries	FOUND	workspace/vim-bc/objects/src/objects/undo.bc
u_freeheader	FOUND	workspace/vim-bc/objects/src/objects/undo.bc
u_get_undo_file_name	FOUND	workspace/vim-bc/objects/src/objects/undo.bc
um_delete_prop	FOUND	workspace/vim-bc/objects/src/objects/textprop.bc
um_free	FOUND	workspace/vim-bc/objects/src/objects/textprop.bc
um_free_vtext	FOUND	workspace/vim-bc/objects/src/objects/textprop.bc
unix_build_argv	FOUND	workspace/vim-bc/objects/src/objects/os_unix.bc
unref_extmatch	FOUND	workspace/vim-bc/objects/src/objects/regexp.bc
unserialize_uep	FOUND	workspace/vim-bc/objects/src/objects/undo.bc
unserialize_uhp	FOUND	workspace/vim-bc/objects/src/objects/undo.bc
uri_decode	FOUND	workspace/vim-bc/objects/src/objects/strings.bc
uri_encode	FOUND	workspace/vim-bc/objects/src/objects/strings.bc
utf16_to_enc	NOT_FOUND	-
utf8_to_utf16	NOT_FOUND	-
vars_clear	FOUND	workspace/vim-bc/objects/src/objects/evalvars.bc
vars_clear_ext	FOUND	workspace/vim-bc/objects/src/objects/evalvars.bc
vim_findfile_free_visited	FOUND	workspace/vim-bc/objects/src/objects/findfile.bc
vim_findfile_free_visited_list	FOUND	workspace/vim-bc/objects/src/objects/findfile.bc
vim_free	FOUND	workspace/vim-bc/objects/src/objects/alloc.bc
vim_getenv	FOUND	workspace/vim-bc/objects/src/objects/misc1.bc
vim_memsave	FOUND	workspace/vim-bc/objects/src/objects/alloc.bc
vim_strnsave	FOUND	workspace/vim-bc/objects/src/objects/strings.bc
vim_strsave	FOUND	workspace/vim-bc/objects/src/objects/strings.bc
vim_strsave_escape_csi	FOUND	workspace/vim-bc/objects/src/objects/map.bc
vim_strsave_fnameescape	FOUND	workspace/vim-bc/objects/src/objects/ex_getln.bc
vim_strsave_shellescape	FOUND	workspace/vim-bc/objects/src/objects/strings.bc
vim_tempname	FOUND	workspace/vim-bc/objects/src/objects/fileio.bc
vim_version_dir	FOUND	workspace/vim-bc/objects/src/objects/misc1.bc
viminfo_filename	FOUND	workspace/vim-bc/objects/src/objects/viminfo.bc
viminfo_readstring	FOUND	workspace/vim-bc/objects/src/objects/viminfo.bc
vterm_allocator_free	FOUND	workspace/vim-bc/objects/src/objects/vterm_vterm.bc
vterm_free	FOUND	workspace/vim-bc/objects/src/objects/vterm_vterm.bc
vterm_malloc	FOUND	workspace/vim-bc/objects/src/objects/terminal.bc
vterm_new	FOUND	workspace/vim-bc/objects/src/objects/vterm_vterm.bc
vterm_new_with_allocator	FOUND	workspace/vim-bc/objects/src/objects/vterm_vterm.bc
vterm_screen_free	FOUND	workspace/vim-bc/objects/src/objects/vterm_screen.bc
vterm_state_free	FOUND	workspace/vim-bc/objects/src/objects/vterm_state.bc
vwl_connection_destroy	NOT_FOUND	-
vwl_connection_new	NOT_FOUND	-
vwl_data_device_manager_create_data_source	NOT_FOUND	-
vwl_data_device_manager_discard	NOT_FOUND	-
vwl_seat_destroy	NOT_FOUND	-
win32_escape_arg	NOT_FOUND	-
win_alloc	FOUND	workspace/vim-bc/objects/src/objects/window.bc
win_alloc_first	FOUND	workspace/vim-bc/objects/src/objects/window.bc
win_alloc_firstwin	FOUND	workspace/vim-bc/objects/src/objects/window.bc
win_alloc_lines	FOUND	workspace/vim-bc/objects/src/objects/window.bc
win_alloc_popup_win	FOUND	workspace/vim-bc/objects/src/objects/window.bc
win_free	FOUND	workspace/vim-bc/objects/src/objects/window.bc
win_free_all	NOT_FOUND	-
win_free_lsize	FOUND	workspace/vim-bc/objects/src/objects/window.bc
win_free_mem	FOUND	workspace/vim-bc/objects/src/objects/window.bc
win_free_popup	FOUND	workspace/vim-bc/objects/src/objects/window.bc
wordtree_alloc	FOUND	workspace/vim-bc/objects/src/objects/spellfile.bc
xdl_alloc_grow_helper	FOUND	workspace/vim-bc/objects/src/objects/xutils.bc
xdl_cha_alloc	FOUND	workspace/vim-bc/objects/src/objects/xutils.bc
xdl_cha_free	FOUND	workspace/vim-bc/objects/src/objects/xutils.bc
xdl_free_classifier	FOUND	workspace/vim-bc/objects/src/objects/xprepare.bc
xdl_free_ctx	FOUND	workspace/vim-bc/objects/src/objects/xprepare.bc
xdl_free_env	FOUND	workspace/vim-bc/objects/src/objects/xprepare.bc
xdl_free_script	FOUND	workspace/vim-bc/objects/src/objects/xdiffi.bc
xsmp_close	NOT_FOUND	-
